fill	x	y	group	xmin	xmax	ymin	ymax
#F7EDEB	80	24	-1	55	105	-1	49
#F1DFDC	130	24	-1	105	155	-1	49
#F9F0EF	130	74	-1	105	155	49	99
#FBFBFD	180	74	-1	155	205	49	99
#FCF9F8	180	124	-1	155	205	99	149
#EAE7F4	230	124	-1	205	255	99	149
#E9E6F3	230	174	-1	205	255	149	199
#F3F2F9	280	174	-1	255	305	149	199
#FBFBFD	280	224	-1	255	305	199	249
#FDFBFA	330	224	-1	305	355	199	249
#FEFCFC	330	274	-1	305	355	249	299
#F8F7FB	380	274	-1	355	405	249	299
#FBFBFD	380	324	-1	355	405	299	349
#DDB8B3	430	324	-1	405	455	299	349
#EDD6D3	430	374	-1	405	455	349	399
#EBD2CF	480	374	-1	455	505	349	399
#F1EFF7	480	424	-1	455	505	399	449
#E7CBC8	530	424	-1	505	555	399	449
#ECD5D2	530	474	-1	505	555	449	499
#EDD7D5	580	474	-1	555	605	449	499
#F0DDDA	580	524	-1	555	605	499	549
#F1DFDC	630	524	-1	605	655	499	549
#D1A19B	630	574	-1	605	655	549	599
#BE8079	680	574	-1	655	705	549	599
#DAB2AC	680	624	-1	655	705	599	649
#DFBAB5	730	624	-1	705	755	599	649
#EED9D6	730	674	-1	705	755	649	699
#E9CECB	780	674	-1	755	805	649	699
#EDD7D4	780	724	-1	755	805	699	749
#F9F2F1	830	724	-1	805	855	699	749
#B0A6D4	830	774	-1	805	855	749	799
#8277BB	880	774	-1	855	905	749	799
#7F75BA	880	824	-1	855	905	799	849
#DFDBEE	930	824	-1	905	955	799	849
#FDFDFE	930	874	-1	905	955	849	899
#DDD9ED	980	874	-1	955	1005	849	899
#9E93CA	980	924	-1	955	1005	899	949
#948AC5	1030	924	-1	1005	1055	899	949
#8D83C1	1030	974	-1	1005	1055	949	999
#8C82C1	1080	974	-1	1055	1105	949	999
#8B81C0	1080	1024	-1	1055	1105	999	1049
#8B81C0	1130	1024	-1	1105	1155	999	1049
#796FB6	1130	1074	-1	1105	1155	1049	1099
#6E64B0	1180	1074	-1	1155	1205	1049	1099
#5952A6	1180	1124	-1	1155	1205	1099	1149
#766CB5	1230	1124	-1	1205	1255	1099	1149
#4D48A0	1230	1174	-1	1205	1255	1149	1199
#504AA1	1280	1174	-1	1255	1305	1149	1199
#4B469F	1280	1224	-1	1255	1305	1199	1249
#7F75BA	1330	1224	-1	1305	1355	1199	1249
#766CB5	1330	1274	-1	1305	1355	1249	1299
#F8F7FB	1380	1274	-1	1355	1405	1249	1299
#FCFCFD	1380	1324	-1	1355	1405	1299	1349
#CFC9E5	1430	1324	-1	1405	1455	1299	1349
#968BC6	1430	1374	-1	1405	1455	1349	1399
#A197CC	1480	1374	-1	1455	1505	1349	1399
#9489C5	1480	1424	-1	1455	1505	1399	1449
#A298CC	1530	1424	-1	1505	1555	1399	1449
#8A80BF	1530	1474	-1	1505	1555	1449	1499
#CEC8E4	1580	1474	-1	1555	1605	1449	1499
#D8D3EA	1580	1524	-1	1555	1605	1499	1549
#D6D1E9	1630	1524	-1	1605	1655	1499	1549
#BEB6DB	1630	1574	-1	1605	1655	1549	1599
#9E94CA	1680	1574	-1	1655	1705	1549	1599
#A89FD0	1680	1624	-1	1655	1705	1599	1649
#ADA3D2	1730	1624	-1	1705	1755	1599	1649
#9D93CA	1730	1674	-1	1705	1755	1649	1699
#7C72B8	1780	1674	-1	1755	1805	1649	1699
#9187C3	1780	1724	-1	1755	1805	1699	1749
#B6ADD7	1830	1724	-1	1805	1855	1699	1749
#D7D2E9	1830	1774	-1	1805	1855	1749	1799
#BFB7DC	1880	1774	-1	1855	1905	1749	1799
#A096CB	1880	1824	-1	1855	1905	1799	1849
#C1B9DD	1930	1824	-1	1905	1955	1799	1849
#B7AFD8	1930	1874	-1	1905	1955	1849	1899
#A399CD	1980	1874	-1	1955	2005	1849	1899
#685FAD	1980	1924	-1	1955	2005	1899	1949
#EEECF6	180	24	-1	155	205	-1	49
#E5E1F1	280	124	-1	255	305	99	149
#E7CAC6	380	224	-1	355	405	199	249
#EBD4D1	480	324	-1	455	505	299	349
#E3C2BE	580	424	-1	555	605	399	449
#DCB6B1	680	524	-1	655	705	499	549
#F2E3E0	780	624	-1	755	805	599	649
#C6BFE0	880	724	-1	855	905	699	749
#FDFBFB	980	824	-1	955	1005	799	849
#A79ECF	1080	924	-1	1055	1105	899	949
#A89FD0	1180	1024	-1	1155	1205	999	1049
#9E93CA	1280	1124	-1	1255	1305	1099	1149
#A49ACD	1380	1224	-1	1355	1405	1199	1249
#A197CC	1480	1324	-1	1455	1505	1299	1349
#9C92C9	1580	1424	-1	1555	1605	1399	1449
#B0A7D4	1680	1524	-1	1655	1705	1499	1549
#A79DCF	1780	1624	-1	1755	1805	1599	1649
#D0CAE6	1880	1724	-1	1855	1905	1699	1749
#B7AED8	1980	1824	-1	1955	2005	1799	1849
#E1DDEF	230	74	-1	205	255	49	99
#F6EBEA	330	174	-1	305	355	149	199
#E9CECB	430	274	-1	405	455	249	299
#F3E4E2	530	374	-1	505	555	349	399
#F5E7E6	630	474	-1	605	655	449	499
#E5C6C2	730	574	-1	705	755	549	599
#EDD7D4	830	674	-1	805	855	649	699
#C8C1E1	930	774	-1	905	955	749	799
#B1A8D5	1030	874	-1	1005	1055	849	899
#A69CCF	1130	974	-1	1105	1155	949	999
#948AC5	1230	1074	-1	1205	1255	1049	1099
#968BC6	1330	1174	-1	1305	1355	1149	1199
#FDFDFE	1430	1274	-1	1405	1455	1249	1299
#A99FD0	1530	1374	-1	1505	1555	1349	1399
#A49BCE	1730	1574	-1	1705	1755	1549	1599
#968CC6	1830	1674	-1	1805	1855	1649	1699
#B1A8D4	1930	1774	-1	1905	1955	1749	1799
#CDC6E4	1630	1474	-1	1605	1655	1449	1499
#958AC5	2030	1874	-1	2005	2055	1849	1899
#FDFDFE	230	24	-1	205	255	-1	49
#E2DEEF	280	74	-1	255	305	49	99
#F6F5FA	330	124	-1	305	355	99	149
#E8CDCA	380	174	-1	355	405	149	199
#E5C6C2	430	224	-1	405	455	199	249
#D8ADA7	480	274	-1	455	505	249	299
#E8CCC8	530	324	-1	505	555	299	349
#E1BEBA	580	374	-1	555	605	349	399
#E9CECB	630	424	-1	605	655	399	449
#F2E3E0	680	474	-1	655	705	449	499
#CC9892	730	524	-1	705	755	499	549
#EBD2CF	780	574	-1	755	805	549	599
#EFDBD8	830	624	-1	805	855	599	649
#FEFDFD	880	674	-1	855	905	649	699
#BEB6DB	930	724	-1	905	955	699	749
#FEFDFE	980	774	-1	955	1005	749	799
#F0EEF7	1030	824	-1	1005	1055	799	849
#B3AAD6	1080	874	-1	1055	1105	849	899
#B2A9D5	1130	924	-1	1105	1155	899	949
#B2AAD5	1180	974	-1	1155	1205	949	999
#AAA0D1	1230	1024	-1	1205	1255	999	1049
#B7AED8	1280	1074	-1	1255	1305	1049	1099
#A89FD0	1330	1124	-1	1305	1355	1099	1149
#AFA6D4	1380	1174	-1	1355	1405	1149	1199
#FEFCFC	1430	1224	-1	1405	1455	1199	1249
#CAC3E2	1480	1274	-1	1455	1505	1249	1299
#A79ECF	1530	1324	-1	1505	1555	1299	1349
#ABA2D1	1580	1374	-1	1555	1605	1349	1399
#C9C2E2	1630	1424	-1	1605	1655	1399	1449
#C3BCDF	1680	1474	-1	1655	1705	1449	1499
#A096CB	1730	1524	-1	1705	1755	1499	1549
#B0A7D4	1780	1574	-1	1755	1805	1549	1599
#9A90C8	1830	1624	-1	1805	1855	1599	1649
#AEA5D3	1880	1674	-1	1855	1905	1649	1699
#C9C2E1	1930	1724	-1	1905	1955	1699	1749
#BFB7DC	1980	1774	-1	1955	2005	1749	1799
#ADA3D2	2030	1824	-1	2005	2055	1799	1849
#F6F5FA	280	24	-1	255	305	-1	49
#F7EDEC	380	124	-1	355	405	99	149
#E1C0BB	480	224	-1	455	505	199	249
#EFDCDA	580	324	-1	555	605	299	349
#EFDCD9	680	424	-1	655	705	399	449
#E9CECA	780	524	-1	755	805	499	549
#EED8D5	880	624	-1	855	905	599	649
#EBE8F4	980	724	-1	955	1005	699	749
#B7AED8	1180	924	-1	1155	1205	899	949
#A298CC	1280	1024	-1	1255	1305	999	1049
#ACA2D2	1380	1124	-1	1355	1405	1099	1149
#FAF4F3	1480	1224	-1	1455	1505	1199	1249
#A99FD0	1580	1324	-1	1555	1605	1299	1349
#CDC7E4	1680	1424	-1	1655	1705	1399	1449
#AAA0D1	1780	1524	-1	1755	1805	1499	1549
#958AC5	1880	1624	-1	1855	1905	1599	1649
#B6ADD7	1980	1724	-1	1955	2005	1699	1749
#DFDBEE	330	74	-1	305	355	49	99
#E1BFBA	430	174	-1	405	455	149	199
#EAD0CD	530	274	-1	505	555	249	299
#E4C4C0	630	374	-1	605	655	349	399
#DEB9B4	730	474	-1	705	755	449	499
#F6EAE8	830	574	-1	805	855	549	599
#D1CBE6	930	674	-1	905	955	649	699
#FAF4F3	1030	774	-1	1005	1055	749	799
#B7AFD8	1080	824	-1	1055	1105	799	849
#B8AFD8	1130	874	-1	1105	1155	849	899
#AFA6D3	1230	974	-1	1205	1255	949	999
#B9B1D9	1330	1074	-1	1305	1355	1049	1099
#BAB2D9	1430	1174	-1	1405	1455	1149	1199
#A298CC	1530	1274	-1	1505	1555	1249	1299
#A298CC	1630	1374	-1	1605	1655	1349	1399
#B4ABD6	1730	1474	-1	1705	1755	1449	1499
#A89ECF	1830	1574	-1	1805	1855	1549	1599
#D2CCE7	1930	1674	-1	1905	1955	1649	1699
#B8AFD8	2030	1774	-1	2005	2055	1749	1799
#8A7FBF	2080	1824	-1	2055	2105	1799	1849
#F3F2F9	330	24	-1	305	355	-1	49
#FFFEFE	380	74	-1	355	405	49	99
#EDD6D3	430	124	-1	405	455	99	149
#EAD2CE	480	174	-1	455	505	149	199
#DDB6B1	530	224	-1	505	555	199	249
#E2C1BC	580	274	-1	555	605	249	299
#DEB9B4	630	324	-1	605	655	299	349
#E6C8C4	680	374	-1	655	705	349	399
#EBD4D1	730	424	-1	705	755	399	449
#C9938C	780	474	-1	755	805	449	499
#E3C3BF	830	524	-1	805	855	499	549
#E9CECB	880	574	-1	855	905	549	599
#F4E6E4	930	624	-1	905	955	599	649
#D2CCE7	980	674	-1	955	1005	649	699
#FCF8F8	1030	724	-1	1005	1055	699	749
#F9F8FC	1080	774	-1	1055	1105	749	799
#BFB7DC	1130	824	-1	1105	1155	799	849
#C0B8DC	1180	874	-1	1155	1205	849	899
#BAB1D9	1230	924	-1	1205	1255	899	949
#B0A7D4	1280	974	-1	1255	1305	949	999
#BDB5DB	1330	1024	-1	1305	1355	999	1049
#B2A9D5	1380	1074	-1	1355	1405	1049	1099
#BBB3DA	1430	1124	-1	1405	1455	1099	1149
#FEFEFF	1480	1174	-1	1455	1505	1149	1199
#CAC3E2	1530	1224	-1	1505	1555	1199	1249
#ACA3D2	1580	1274	-1	1555	1605	1249	1299
#AEA5D3	1630	1324	-1	1605	1655	1299	1349
#CBC4E2	1680	1374	-1	1655	1705	1349	1399
#C8C1E1	1730	1424	-1	1705	1755	1399	1449
#A59BCE	1780	1474	-1	1755	1805	1449	1499
#ADA3D2	1830	1524	-1	1805	1855	1499	1549
#958AC5	1880	1574	-1	1855	1905	1549	1599
#ADA4D2	1930	1624	-1	1905	1955	1599	1649
#C5BEE0	1980	1674	-1	1955	2005	1649	1699
#BBB3DA	2030	1724	-1	2005	2055	1699	1749
#A99FD0	2080	1774	-1	2055	2105	1749	1799
#F8F7FB	380	24	-1	355	405	-1	49
#FBF5F4	480	124	-1	455	505	99	149
#E8CDCA	580	224	-1	555	605	199	249
#D9B0AA	680	324	-1	655	705	299	349
#D3A59F	780	424	-1	755	805	399	449
#E0BDB8	880	524	-1	855	905	499	549
#F5F3F9	980	624	-1	955	1005	599	649
#F0DEDC	1080	724	-1	1055	1105	699	749
#BFB7DC	1180	824	-1	1155	1205	799	849
#B4ABD6	1280	924	-1	1255	1305	899	949
#A399CD	1380	1024	-1	1355	1405	999	1049
#B2A9D5	1480	1124	-1	1455	1505	1099	1149
#ACA3D2	1580	1224	-1	1555	1605	1199	1249
#AAA1D1	1680	1324	-1	1655	1705	1299	1349
#B4ABD6	1780	1424	-1	1755	1805	1399	1449
#A59CCE	1880	1524	-1	1855	1905	1499	1549
#D7D1E9	1980	1624	-1	1955	2005	1599	1649
#C4BDDF	2080	1724	-1	2055	2105	1699	1749
#F6EAE9	430	74	-1	405	455	49	99
#F6EAE8	530	174	-1	505	555	149	199
#F3E4E2	630	274	-1	605	655	249	299
#EED8D6	730	374	-1	705	755	349	399
#DAB2AD	830	474	-1	805	855	449	499
#D9AFA9	930	574	-1	905	955	549	599
#DDD8EC	1030	674	-1	1005	1055	649	699
#CAC3E2	1130	774	-1	1105	1155	749	799
#BBB3DA	1230	874	-1	1205	1255	849	899
#9B91C9	1330	974	-1	1305	1355	949	999
#A298CC	1430	1074	-1	1405	1455	1049	1099
#F6EBEA	1530	1174	-1	1505	1555	1149	1199
#B9B1D9	1630	1274	-1	1605	1655	1249	1299
#DDD8EC	1730	1374	-1	1705	1755	1349	1399
#A299CD	1830	1474	-1	1805	1855	1449	1499
#9389C4	1930	1574	-1	1905	1955	1549	1599
#B2A9D5	2030	1674	-1	2005	2055	1649	1699
#978DC7	2130	1774	-1	2105	2155	1749	1799
#F7EDEB	430	24	-1	405	455	-1	49
#FEFDFE	480	74	-1	455	505	49	99
#F6F5FA	530	124	-1	505	555	99	149
#F2E2E0	580	174	-1	555	605	149	199
#E3C3BF	630	224	-1	605	655	199	249
#DEB8B3	680	274	-1	655	705	249	299
#EAD1CD	730	324	-1	705	755	299	349
#EDD8D5	780	374	-1	755	805	349	399
#C8918B	830	424	-1	805	855	399	449
#DEB9B4	880	474	-1	855	905	449	499
#E6C9C5	930	524	-1	905	955	499	549
#EEDAD7	980	574	-1	955	1005	549	599
#C3BCDF	1030	624	-1	1005	1055	599	649
#F2F0F8	1080	674	-1	1055	1105	649	699
#F2F0F8	1130	724	-1	1105	1155	699	749
#C2BADE	1180	774	-1	1155	1205	749	799
#BAB2DA	1230	824	-1	1205	1255	799	849
#B6ADD7	1280	874	-1	1255	1305	849	899
#A197CC	1330	924	-1	1305	1355	899	949
#A399CD	1380	974	-1	1355	1405	949	999
#988EC7	1430	1024	-1	1405	1455	999	1049
#ACA3D2	1480	1074	-1	1455	1505	1049	1099
#EFEDF6	1530	1124	-1	1505	1555	1099	1149
#CDC6E4	1580	1174	-1	1555	1605	1149	1199
#B4ABD6	1630	1224	-1	1605	1655	1199	1249
#B6ADD7	1680	1274	-1	1655	1705	1249	1299
#C9C2E2	1730	1324	-1	1705	1755	1299	1349
#C5BDDF	1780	1374	-1	1755	1805	1349	1399
#A399CD	1830	1424	-1	1805	1855	1399	1449
#A49ACD	1880	1474	-1	1855	1905	1449	1499
#897EBF	1930	1524	-1	1905	1955	1499	1549
#ABA1D1	1980	1574	-1	1955	2005	1549	1599
#BCB3DA	2030	1624	-1	2005	2055	1599	1649
#C3BCDE	2080	1674	-1	2055	2105	1649	1699
#A69CCE	2130	1724	-1	2105	2155	1699	1749
#FBF6F5	480	24	-1	455	505	-1	49
#F0EDF7	580	124	-1	555	605	99	149
#F4E5E4	680	224	-1	655	705	199	249
#EFDAD8	780	324	-1	755	805	299	349
#E0BCB8	880	424	-1	855	905	399	449
#E4C5C1	980	524	-1	955	1005	499	549
#CFC9E5	1080	624	-1	1055	1105	599	649
#C5BEDF	1180	724	-1	1155	1205	699	749
#BFB7DC	1280	824	-1	1255	1305	799	849
#A69CCE	1380	924	-1	1355	1405	899	949
#AAA1D1	1480	1024	-1	1455	1505	999	1049
#FEFEFF	1580	1124	-1	1555	1605	1099	1149
#ADA3D2	1680	1224	-1	1655	1705	1199	1249
#D2CCE7	1780	1324	-1	1755	1805	1299	1349
#A399CD	1880	1424	-1	1855	1905	1399	1449
#8E84C2	1980	1524	-1	1955	2005	1499	1549
#B3AAD5	2080	1624	-1	2055	2105	1599	1649
#E8E5F3	530	74	-1	505	555	49	99
#F1DFDC	630	174	-1	605	655	149	199
#E1BEB9	730	274	-1	705	755	249	299
#DDB6B2	830	374	-1	805	855	349	399
#E4C5C1	930	474	-1	905	955	449	499
#E2DEEF	1030	574	-1	1005	1055	549	599
#F9F2F1	1130	674	-1	1105	1155	649	699
#C1B9DD	1230	774	-1	1205	1255	749	799
#B5ACD6	1330	874	-1	1305	1355	849	899
#A49ACD	1430	974	-1	1405	1455	949	999
#B2A9D5	1530	1074	-1	1505	1555	1049	1099
#ACA3D2	1630	1174	-1	1605	1655	1149	1199
#ACA3D2	1730	1274	-1	1705	1755	1249	1299
#B8AFD8	1830	1374	-1	1805	1855	1349	1399
#A49ACD	1930	1474	-1	1905	1955	1449	1499
#CDC6E4	2030	1574	-1	2005	2055	1549	1599
#B9B1D9	2130	1674	-1	2105	2155	1649	1699
#8176BA	2180	1724	-1	2155	2205	1699	1749
#EDEAF5	530	24	-1	505	555	-1	49
#EEECF6	580	74	-1	555	605	49	99
#FDFDFE	630	124	-1	605	655	99	149
#F0DEDC	680	174	-1	655	705	149	199
#DDB8B3	730	224	-1	705	755	199	249
#E6C8C4	780	274	-1	755	805	249	299
#ECD4D1	830	324	-1	805	855	299	349
#D3A49F	880	374	-1	855	905	349	399
#DAB0AB	930	424	-1	905	955	399	449
#E8CCC9	980	474	-1	955	1005	449	499
#F8EFEE	1030	524	-1	1005	1055	499	549
#B5ACD7	1080	574	-1	1055	1105	549	599
#DCD8EC	1130	624	-1	1105	1155	599	649
#EAE7F4	1180	674	-1	1155	1205	649	699
#CDC6E4	1230	724	-1	1205	1255	699	749
#C8C2E1	1280	774	-1	1255	1305	749	799
#BEB6DC	1330	824	-1	1305	1355	799	849
#B5ACD7	1380	874	-1	1355	1405	849	899
#B2AAD5	1430	924	-1	1405	1455	899	949
#A89ECF	1480	974	-1	1455	1505	949	999
#A298CC	1530	1024	-1	1505	1555	999	1049
#DDD8EC	1580	1074	-1	1555	1605	1049	1099
#C8C1E1	1630	1124	-1	1605	1655	1099	1149
#B5ADD7	1680	1174	-1	1655	1705	1149	1199
#ADA4D3	1730	1224	-1	1705	1755	1199	1249
#C7C0E1	1780	1274	-1	1755	1805	1249	1299
#C3BCDF	1830	1324	-1	1805	1855	1299	1349
#B0A7D4	1880	1374	-1	1855	1905	1349	1399
#A59CCE	1930	1424	-1	1905	1955	1399	1449
#998FC7	1980	1474	-1	1955	2005	1449	1499
#ABA1D1	2030	1524	-1	2005	2055	1499	1549
#B9B0D9	2080	1574	-1	2055	2105	1549	1599
#ADA4D2	2130	1624	-1	2105	2155	1599	1649
#9085C2	2180	1674	-1	2155	2205	1649	1699
#F0EDF7	580	24	-1	555	605	-1	49
#EDD6D3	680	124	-1	655	705	99	149
#CF9D97	780	224	-1	755	805	199	249
#C58C85	880	324	-1	855	905	299	349
#C9928C	980	424	-1	955	1005	399	449
#F3E4E2	1080	524	-1	1055	1105	499	549
#EFDCDA	1180	624	-1	1155	1205	599	649
#C5BEE0	1280	724	-1	1255	1305	699	749
#B7AED8	1380	824	-1	1355	1405	799	849
#A197CC	1480	924	-1	1455	1505	899	949
#B7AED8	1580	1024	-1	1555	1605	999	1049
#C6BFE0	1680	1124	-1	1655	1705	1099	1149
#B4ABD6	1780	1224	-1	1755	1805	1199	1249
#CDC6E4	1880	1324	-1	1855	1905	1299	1349
#B8AFD8	1980	1424	-1	1955	2005	1399	1449
#DFDBEE	2080	1524	-1	2055	2105	1499	1549
#C8C1E1	2180	1624	-1	2155	2205	1599	1649
#EDEAF5	630	74	-1	605	655	49	99
#F3E5E3	730	174	-1	705	755	149	199
#DEBAB5	830	274	-1	805	855	249	299
#C9938C	930	374	-1	905	955	349	399
#D1A19B	1030	474	-1	1005	1055	449	499
#C0B9DD	1130	574	-1	1105	1155	549	599
#E5E1F1	1230	674	-1	1205	1255	649	699
#D1CCE6	1330	774	-1	1305	1355	749	799
#A79ECF	1430	874	-1	1405	1455	849	899
#897FBF	1530	974	-1	1505	1555	949	999
#FCF8F7	1630	1074	-1	1605	1655	1049	1099
#B5ACD7	1730	1174	-1	1705	1755	1149	1199
#E7E4F2	1830	1274	-1	1805	1855	1249	1299
#BCB4DB	1930	1374	-1	1905	1955	1349	1399
#ACA3D2	2030	1474	-1	2005	2055	1449	1499
#BCB4DB	2130	1574	-1	2105	2155	1549	1599
#958AC5	2230	1674	-1	2205	2255	1649	1699
#FDFAFA	630	24	-1	605	655	-1	49
#E9CFCC	680	74	-1	655	705	49	99
#E3C2BE	730	124	-1	705	755	99	149
#DDB6B1	780	174	-1	755	805	149	199
#D7ABA5	830	224	-1	805	855	199	249
#D9AFAA	880	274	-1	855	905	249	299
#AE655E	930	324	-1	905	955	299	349
#BD7E77	980	374	-1	955	1005	349	399
#C89089	1030	424	-1	1005	1055	399	449
#D09F99	1080	474	-1	1055	1105	449	499
#DDD9ED	1130	524	-1	1105	1155	499	549
#FBF6F6	1180	574	-1	1155	1205	549	599
#F7EEEC	1230	624	-1	1205	1255	599	649
#CEC8E5	1280	674	-1	1255	1305	649	699
#A89FD0	1330	724	-1	1305	1355	699	749
#BCB4DA	1380	774	-1	1355	1405	749	799
#877CBE	1430	824	-1	1405	1455	799	849
#8479BC	1480	874	-1	1455	1505	849	899
#3A3A98	1530	924	-1	1505	1555	899	949
#C3BBDE	1580	974	-1	1555	1605	949	999
#FAF4F3	1630	1024	-1	1605	1655	999	1049
#F9F9FC	1680	1074	-1	1655	1705	1049	1099
#D4CEE8	1730	1124	-1	1705	1755	1099	1149
#ACA2D2	1780	1174	-1	1755	1805	1149	1199
#EAE7F3	1830	1224	-1	1805	1855	1199	1249
#EBE8F4	1880	1274	-1	1855	1905	1249	1299
#C3BCDF	1930	1324	-1	1905	1955	1299	1349
#C5BDDF	1980	1374	-1	1955	2005	1349	1399
#948AC5	2030	1424	-1	2005	2055	1399	1449
#CFC9E5	2080	1474	-1	2055	2105	1449	1499
#CCC6E3	2130	1524	-1	2105	2155	1499	1549
#C4BDDF	2230	1624	-1	2205	2255	1599	1649
#DDD9ED	2180	1574	-1	2155	2205	1549	1599
#F7F5FB	680	24	-1	655	705	-1	49
#E5E1F1	780	124	-1	755	805	99	149
#EAD2CE	880	224	-1	855	905	199	249
#CA948D	980	324	-1	955	1005	299	349
#D2A29C	1080	424	-1	1055	1105	399	449
#A9A0D0	1180	524	-1	1155	1205	499	549
#CEC7E4	1280	624	-1	1255	1305	599	649
#BAB1D9	1380	724	-1	1355	1405	699	749
#9388C4	1480	824	-1	1455	1505	799	849
#7B70B7	1580	924	-1	1555	1605	899	949
#B5ADD7	1780	1124	-1	1755	1805	1099	1149
#ECE9F5	1880	1224	-1	1855	1905	1199	1249
#B8B0D8	1980	1324	-1	1955	2005	1299	1349
#F6EBE9	730	74	-1	705	755	49	99
#E8CDC9	830	174	-1	805	855	149	199
#CC9791	930	274	-1	905	955	249	299
#D09F99	1030	374	-1	1005	1055	349	399
#FDFBFA	1130	474	-1	1105	1155	449	499
#EDD8D5	1230	574	-1	1205	1255	549	599
#B7AED8	1330	674	-1	1305	1355	649	699
#847ABC	1530	874	-1	1505	1555	849	899
#A399CD	1630	974	-1	1605	1655	949	999
#F5E8E7	1680	1024	-1	1655	1705	999	1049
#C8C1E1	1730	1074	-1	1705	1755	1049	1099
#ADA3D2	1830	1174	-1	1805	1855	1149	1199
#D3CEE7	1930	1274	-1	1905	1955	1249	1299
#A399CD	2080	1424	-1	2055	2105	1399	1449
#D9D4EB	2130	1474	-1	2105	2155	1449	1499
#AFA6D4	2180	1524	-1	2155	2205	1499	1549
#CBC5E3	2230	1574	-1	2205	2255	1549	1599
#A59BCE	1430	774	-1	1405	1455	749	799
#ADA4D3	2030	1374	-1	2005	2055	1349	1399
#8A80C0	2280	1624	-1	2255	2305	1599	1649
#F4E7E5	730	24	-1	705	755	-1	49
#FAFAFD	780	74	-1	755	805	49	99
#FFFFFF	830	124	-1	805	855	99	149
#F5E8E6	880	174	-1	855	905	149	199
#F5E8E6	930	224	-1	905	955	199	249
#DDB6B2	980	274	-1	955	1005	249	299
#E5C6C2	1030	324	-1	1005	1055	299	349
#E9CFCC	1080	374	-1	1055	1105	349	399
#F4F3F9	1130	424	-1	1105	1155	399	449
#B0A6D4	1180	474	-1	1155	1205	449	499
#D1CBE6	1230	524	-1	1205	1255	499	549
#D2CCE6	1280	574	-1	1255	1305	549	599
#BDB5DB	1330	624	-1	1305	1355	599	649
#C9C2E2	1380	674	-1	1355	1405	649	699
#AFA5D3	1430	724	-1	1405	1455	699	749
#A399CD	1480	774	-1	1455	1505	749	799
#9D93CA	1530	824	-1	1505	1555	799	849
#9B91C8	1580	874	-1	1555	1605	849	899
#988EC7	1630	924	-1	1605	1655	899	949
#E7E3F2	1680	974	-1	1655	1705	949	999
#D0C9E5	1730	1024	-1	1705	1755	999	1049
#BEB6DC	1780	1074	-1	1755	1805	1049	1099
#B9B1D9	1830	1124	-1	1805	1855	1099	1149
#CDC7E4	1880	1174	-1	1855	1905	1149	1199
#C9C2E2	1930	1224	-1	1905	1955	1199	1249
#B3AAD6	1980	1274	-1	1955	2005	1249	1299
#ADA4D2	2030	1324	-1	2005	2055	1299	1349
#8E83C1	2080	1374	-1	2055	2105	1349	1399
#A89FD0	2130	1424	-1	2105	2155	1399	1449
#A399CD	2180	1474	-1	2155	2205	1449	1499
#B2A9D5	2230	1524	-1	2205	2255	1499	1549
#8277BB	2280	1574	-1	2255	2305	1549	1599
#FFFFFF	780	24	-1	755	805	-1	49
#F6F5FA	880	124	-1	855	905	99	149
#F9F0EF	980	224	-1	955	1005	199	249
#F8EFEE	1080	324	-1	1055	1105	299	349
#C3BBDE	1180	424	-1	1155	1205	399	449
#D7D2EA	1280	524	-1	1255	1305	499	549
#E3DFF0	1380	624	-1	1355	1405	599	649
#D7D2E9	1480	724	-1	1455	1505	699	749
#D7D2EA	1580	824	-1	1555	1605	799	849
#C3BCDE	1680	924	-1	1655	1705	899	949
#C9C2E1	1780	1024	-1	1755	1805	999	1049
#C5BDDF	1880	1124	-1	1855	1905	1099	1149
#BDB5DB	1980	1224	-1	1955	2005	1199	1249
#A49ACE	2080	1324	-1	2055	2105	1299	1349
#9C92C9	2180	1424	-1	2155	2205	1399	1449
#8379BC	2280	1524	-1	2255	2305	1499	1549
#F8F7FB	830	74	-1	805	855	49	99
#FAF2F1	930	174	-1	905	955	149	199
#F0DEDC	1030	274	-1	1005	1055	249	299
#F3F1F8	1130	374	-1	1105	1155	349	399
#E9E5F3	1230	474	-1	1205	1255	449	499
#CEC8E5	1330	574	-1	1305	1355	549	599
#D8D3EA	1430	674	-1	1405	1455	649	699
#CAC4E2	1530	774	-1	1505	1555	749	799
#CEC8E4	1630	874	-1	1605	1655	849	899
#D4CEE8	1730	974	-1	1705	1755	949	999
#BCB4DA	1830	1074	-1	1805	1855	1049	1099
#BBB3DA	1930	1174	-1	1905	1955	1149	1199
#C1B9DD	2030	1274	-1	2005	2055	1249	1299
#A79ECF	2130	1374	-1	2105	2155	1349	1399
#968BC6	2230	1474	-1	2205	2255	1449	1499
#6960AE	2330	1574	-1	2305	2355	1549	1599
#FAF9FC	830	24	-1	805	855	-1	49
#E7E4F2	880	74	-1	855	905	49	99
#EBE8F4	930	124	-1	905	955	99	149
#F7F5FA	980	174	-1	955	1005	149	199
#EDD8D5	1030	224	-1	1005	1055	199	249
#ECD4D1	1080	274	-1	1055	1105	249	299
#F0DDDA	1130	324	-1	1105	1155	299	349
#F6F5FA	1180	374	-1	1155	1205	349	399
#E1DDEF	1230	424	-1	1205	1255	399	449
#E1DDEF	1280	474	-1	1255	1305	449	499
#D9D4EA	1330	524	-1	1305	1355	499	549
#D8D3EA	1380	574	-1	1355	1405	549	599
#E4E0F0	1430	624	-1	1405	1455	599	649
#D8D3EA	1480	674	-1	1455	1505	649	699
#DDD8ED	1530	724	-1	1505	1555	699	749
#E6E2F1	1580	774	-1	1555	1605	749	799
#F1EFF7	1630	824	-1	1605	1655	799	849
#D0C9E5	1680	874	-1	1655	1705	849	899
#D5CFE8	1730	924	-1	1705	1755	899	949
#CAC3E2	1780	974	-1	1755	1805	949	999
#BFB7DC	1830	1024	-1	1805	1855	999	1049
#BBB2DA	1880	1074	-1	1855	1905	1049	1099
#C1B9DD	1930	1124	-1	1905	1955	1099	1149
#C5BEDF	1980	1174	-1	1955	2005	1149	1199
#B9B1D9	2030	1224	-1	2005	2055	1199	1249
#B3AAD5	2080	1274	-1	2055	2105	1249	1299
#ACA2D2	2130	1324	-1	2105	2155	1299	1349
#A99FD0	2180	1374	-1	2155	2205	1349	1399
#AAA1D1	2230	1424	-1	2205	2255	1399	1449
#A69DCF	2280	1474	-1	2255	2305	1449	1499
#887EBE	2330	1524	-1	2305	2355	1499	1549
#F6EBEA	880	24	-1	855	905	-1	49
#E9E6F3	980	124	-1	955	1005	99	149
#F1E0DE	1080	224	-1	1055	1105	199	249
#F6EBE9	1180	324	-1	1155	1205	299	349
#F2F0F8	1280	424	-1	1255	1305	399	449
#DCD7EC	1380	524	-1	1355	1405	499	549
#E9E6F3	1480	624	-1	1455	1505	599	649
#E1DCEE	1580	724	-1	1555	1605	699	749
#EAE7F4	1680	824	-1	1655	1705	799	849
#E3DFF0	1780	924	-1	1755	1805	899	949
#C1B9DD	1880	1024	-1	1855	1905	999	1049
#C8C1E1	1980	1124	-1	1955	2005	1099	1149
#B5ACD7	2080	1224	-1	2055	2105	1199	1249
#A399CD	2180	1324	-1	2155	2205	1299	1349
#AEA5D3	2280	1424	-1	2255	2305	1399	1449
#EAE7F4	930	74	-1	905	955	49	99
#FDFCFE	1030	174	-1	1005	1055	149	199
#EBD3D0	1130	274	-1	1105	1155	249	299
#EBE8F4	1230	374	-1	1205	1255	349	399
#F7F6FB	1330	474	-1	1305	1355	449	499
#F2F0F8	1430	574	-1	1405	1455	549	599
#E7E3F2	1530	674	-1	1505	1555	649	699
#E2DEF0	1630	774	-1	1605	1655	749	799
#D8D3EA	1730	874	-1	1705	1755	849	899
#BEB6DC	1830	974	-1	1805	1855	949	999
#B8B0D8	2030	1174	-1	2005	2055	1149	1199
#A69DCF	2130	1274	-1	2105	2155	1249	1299
#B5ACD7	2230	1374	-1	2205	2255	1349	1399
#A89FD0	2330	1474	-1	2305	2355	1449	1499
#BCB4DB	1930	1074	-1	1905	1955	1049	1099
#8479BC	2380	1524	-1	2355	2405	1499	1549
#F9F0EF	930	24	-1	905	955	-1	49
#BFB7DC	980	74	-1	955	1005	49	99
#D4CEE8	1030	124	-1	1005	1055	99	149
#C89089	1080	174	-1	1055	1105	149	199
#D7ABA6	1130	224	-1	1105	1155	199	249
#DEB8B3	1180	274	-1	1155	1205	249	299
#DDB6B2	1230	324	-1	1205	1255	299	349
#DDD8EC	1280	374	-1	1255	1305	349	399
#F3E3E1	1330	424	-1	1305	1355	399	449
#F7EDEB	1380	474	-1	1355	1405	449	499
#DAD5EB	1430	524	-1	1405	1455	499	549
#DBD7EC	1480	574	-1	1455	1505	549	599
#E6E3F2	1530	624	-1	1505	1555	599	649
#D6D1E9	1580	674	-1	1555	1605	649	699
#E0DBEE	1630	724	-1	1605	1655	699	749
#BDB5DB	1680	774	-1	1655	1705	749	799
#DCD8EC	1730	824	-1	1705	1755	799	849
#F5E7E5	1780	874	-1	1755	1805	849	899
#F0EEF7	1830	924	-1	1805	1855	899	949
#C9C3E2	1880	974	-1	1855	1905	949	999
#C1B9DD	1930	1024	-1	1905	1955	999	1049
#DCD7EC	1980	1074	-1	1955	2005	1049	1099
#DDD9ED	2030	1124	-1	2005	2055	1099	1149
#9D92C9	2080	1174	-1	2055	2105	1149	1199
#BDB5DB	2130	1224	-1	2105	2155	1199	1249
#8D83C1	2180	1274	-1	2155	2205	1249	1299
#BDB6DB	2230	1324	-1	2205	2255	1299	1349
#C5BEDF	2280	1374	-1	2255	2305	1349	1399
#D8D3EA	2330	1424	-1	2305	2355	1399	1449
#C2BBDE	2380	1474	-1	2355	2405	1449	1499
#D7D1E9	980	24	-1	955	1005	-1	49
#FCF7F7	1080	124	-1	1055	1105	99	149
#E4C4C0	1180	224	-1	1155	1205	199	249
#F9F1F0	1280	324	-1	1255	1305	299	349
#EAD1CD	1380	424	-1	1355	1405	399	449
#F9F1F0	1480	524	-1	1455	1505	499	549
#F8EFEE	1580	624	-1	1555	1605	599	649
#F5F3F9	1680	724	-1	1655	1705	699	749
#E4E1F1	1780	824	-1	1755	1805	799	849
#C4BCDF	1880	924	-1	1855	1905	899	949
#C2BADE	1980	1024	-1	1955	2005	999	1049
#B7AFD8	2080	1124	-1	2055	2105	1099	1149
#D1CBE6	1030	74	-1	1005	1055	49	99
#F2E1DF	1130	174	-1	1105	1155	149	199
#DDB7B2	1230	274	-1	1205	1255	249	299
#F9F1F0	1330	374	-1	1305	1355	349	399
#FDFDFE	1430	474	-1	1405	1455	449	499
#F8F0EE	1530	574	-1	1505	1555	549	599
#FDFBFB	1630	674	-1	1605	1655	649	699
#F6F4FA	1730	774	-1	1705	1755	749	799
#F6F5FA	1830	874	-1	1805	1855	849	899
#CCC6E4	1930	974	-1	1905	1955	949	999
#B4ABD6	2130	1174	-1	2105	2155	1149	1199
#B5ADD7	2180	1224	-1	2155	2205	1199	1249
#A49ACE	2230	1274	-1	2205	2255	1249	1299
#CCC6E3	2280	1324	-1	2255	2305	1299	1349
#C2BADE	2380	1424	-1	2355	2405	1399	1449
#D0CAE5	2030	1074	-1	2005	2055	1049	1099
#BEB6DC	2330	1374	-1	2305	2355	1349	1399
#A59BCE	2430	1474	-1	2405	2455	1449	1499
#E7E3F2	1030	24	-1	1005	1055	-1	49
#F1EFF7	1080	74	-1	1055	1105	49	99
#EBD3CF	1130	124	-1	1105	1155	99	149
#E9CECA	1180	174	-1	1155	1205	149	199
#E6C9C5	1230	224	-1	1205	1255	199	249
#E9CFCC	1280	274	-1	1255	1305	249	299
#FEFDFD	1330	324	-1	1305	1355	299	349
#EDD8D5	1380	374	-1	1355	1405	349	399
#EED8D5	1430	424	-1	1405	1455	399	449
#F5E9E7	1480	474	-1	1455	1505	449	499
#F3E4E2	1530	524	-1	1505	1555	499	549
#F5E8E6	1580	574	-1	1555	1605	549	599
#F1E0DE	1630	624	-1	1605	1655	599	649
#F0DEDC	1680	674	-1	1655	1705	649	699
#F6EBE9	1730	724	-1	1705	1755	699	749
#F0EEF7	1780	774	-1	1755	1805	749	799
#F6F5FA	1830	824	-1	1805	1855	799	849
#D8D3EA	1880	874	-1	1855	1905	849	899
#CEC8E5	1930	924	-1	1905	1955	899	949
#CCC6E3	1980	974	-1	1955	2005	949	999
#D2CCE7	2030	1024	-1	2005	2055	999	1049
#C8C1E1	2080	1074	-1	2055	2105	1049	1099
#BCB4DA	2130	1124	-1	2105	2155	1099	1149
#B5ADD7	2180	1174	-1	2155	2205	1149	1199
#BAB2DA	2230	1224	-1	2205	2255	1199	1249
#B3ABD6	2280	1274	-1	2255	2305	1249	1299
#D0CAE6	2330	1324	-1	2305	2355	1299	1349
#C1B9DD	2380	1374	-1	2355	2405	1349	1399
#B3ABD6	2430	1424	-1	2405	2455	1399	1449
#FEFDFD	1080	24	-1	1055	1105	-1	49
#F6EAE8	1180	124	-1	1155	1205	99	149
#E7CAC6	1280	224	-1	1255	1305	199	249
#F3E3E1	1380	324	-1	1355	1405	299	349
#F5F4FA	1480	424	-1	1455	1505	399	449
#FFFEFE	1580	524	-1	1555	1605	499	549
#FAF9FC	1680	624	-1	1655	1705	599	649
#FAF9FC	1780	724	-1	1755	1805	699	749
#EBD4D1	1880	824	-1	1855	1905	799	849
#C8C1E1	1980	924	-1	1955	2005	899	949
#E5E1F1	2080	1024	-1	2055	2105	999	1049
#C1BADD	2180	1124	-1	2155	2205	1099	1149
#A49ACE	2280	1224	-1	2255	2305	1199	1249
#FBF7F6	1130	74	-1	1105	1155	49	99
#F3E4E2	1230	174	-1	1205	1255	149	199
#F8F7FB	1330	274	-1	1305	1355	249	299
#E3C4BF	1430	374	-1	1405	1455	349	399
#F9F1F0	1530	474	-1	1505	1555	449	499
#FDFBFA	1630	574	-1	1605	1655	549	599
#FDFBFB	1730	674	-1	1705	1755	649	699
#F0EEF7	1830	774	-1	1805	1855	749	799
#CBC4E3	1930	874	-1	1905	1955	849	899
#C8C1E1	2030	974	-1	2005	2055	949	999
#C1B9DD	2130	1074	-1	2105	2155	1049	1099
#BEB6DB	2230	1174	-1	2205	2255	1149	1199
#DDD8EC	2330	1274	-1	2305	2355	1249	1299
#C5BEE0	2380	1324	-1	2355	2405	1299	1349
#D4CEE8	2430	1374	-1	2405	2455	1349	1399
#A99FD0	2480	1424	-1	2455	2505	1399	1449
#F1EFF8	1130	24	-1	1105	1155	-1	49
#EED9D6	1180	74	-1	1155	1205	49	99
#FFFEFE	1230	124	-1	1205	1255	99	149
#F6EAE8	1280	174	-1	1255	1305	149	199
#F1DFDC	1330	224	-1	1305	1355	199	249
#F6F5FA	1380	274	-1	1355	1405	249	299
#F6EAE8	1430	324	-1	1405	1455	299	349
#F6EAE9	1480	374	-1	1455	1505	349	399
#F9F8FC	1530	424	-1	1505	1555	399	449
#FCF8F7	1580	474	-1	1555	1605	449	499
#FFFEFE	1630	524	-1	1605	1655	499	549
#FEFDFC	1680	574	-1	1655	1705	549	599
#FAF3F2	1730	624	-1	1705	1755	599	649
#FAF4F4	1780	674	-1	1755	1805	649	699
#EFEDF7	1830	724	-1	1805	1855	699	749
#F9F0EF	1880	774	-1	1855	1905	749	799
#E6E2F1	1930	824	-1	1905	1955	799	849
#C1B9DD	1980	874	-1	1955	2005	849	899
#C2BADE	2030	924	-1	2005	2055	899	949
#D8D3EA	2080	974	-1	2055	2105	949	999
#D2CCE6	2130	1024	-1	2105	2155	999	1049
#B0A7D4	2180	1074	-1	2155	2205	1049	1099
#C6BEE0	2230	1124	-1	2205	2255	1099	1149
#B1A8D5	2280	1174	-1	2255	2305	1149	1199
#B7AED8	2330	1224	-1	2305	2355	1199	1249
#CAC4E2	2380	1274	-1	2355	2405	1249	1299
#C3BCDE	2430	1324	-1	2405	2455	1299	1349
#B0A7D4	2480	1374	-1	2455	2505	1349	1399
#FEFDFD	1180	24	-1	1155	1205	-1	49
#F2F1F8	1280	124	-1	1255	1305	99	149
#F3F1F8	1380	224	-1	1355	1405	199	249
#F5E8E6	1480	324	-1	1455	1505	299	349
#F6EAE8	1580	424	-1	1555	1605	399	449
#FCF8F8	1680	524	-1	1655	1705	499	549
#FFFEFE	1780	624	-1	1755	1805	599	649
#EAE7F4	1880	724	-1	1855	1905	699	749
#D1CBE6	1980	824	-1	1955	2005	799	849
#C1B9DD	2080	924	-1	2055	2105	899	949
#BCB3DA	2180	1024	-1	2155	2205	999	1049
#B9B0D9	2280	1124	-1	2255	2305	1099	1149
#BCB4DA	2380	1224	-1	2355	2405	1199	1249
#AFA5D3	2480	1324	-1	2455	2505	1299	1349
#EBE8F4	1230	74	-1	1205	1255	49	99
#FAF3F2	1330	174	-1	1305	1355	149	199
#F3E3E1	1430	274	-1	1405	1455	249	299
#FBFBFD	1530	374	-1	1505	1555	349	399
#FAF4F3	1630	474	-1	1605	1655	449	499
#FBFAFD	1730	574	-1	1705	1755	549	599
#FBFBFD	1830	674	-1	1805	1855	649	699
#F9F8FC	1930	774	-1	1905	1955	749	799
#C8C1E1	2030	874	-1	2005	2055	849	899
#D0CAE6	2130	974	-1	2105	2155	949	999
#C1B9DD	2230	1074	-1	2205	2255	1049	1099
#ADA4D3	2330	1174	-1	2305	2355	1149	1199
#ABA2D1	2430	1274	-1	2405	2455	1249	1299
#998FC8	2530	1374	-1	2505	2555	1349	1399
#F3F1F9	1230	24	-1	1205	1255	-1	49
#DBD6EB	1280	74	-1	1255	1305	49	99
#EDEAF5	1330	124	-1	1305	1355	99	149
#E8E4F2	1380	174	-1	1355	1405	149	199
#F8F0EE	1430	224	-1	1405	1455	199	249
#FCF7F7	1480	274	-1	1455	1505	249	299
#FAF3F2	1530	324	-1	1505	1555	299	349
#DEB8B4	1580	374	-1	1555	1605	349	399
#D2A39D	1630	424	-1	1605	1655	399	449
#E1BEBA	1680	474	-1	1655	1705	449	499
#D9B0AB	1730	524	-1	1705	1755	499	549
#DFBBB6	1780	574	-1	1755	1805	549	599
#D9B0AA	1830	624	-1	1805	1855	599	649
#F9F8FC	1880	674	-1	1855	1905	649	699
#E0DCEE	1930	724	-1	1905	1955	699	749
#E5E2F1	1980	774	-1	1955	2005	749	799
#EEECF6	2030	824	-1	2005	2055	799	849
#E5E1F1	2080	874	-1	2055	2105	849	899
#D1CAE6	2130	924	-1	2105	2155	899	949
#BFB7DC	2180	974	-1	2155	2205	949	999
#D7D1E9	2230	1024	-1	2205	2255	999	1049
#C4BDDF	2280	1074	-1	2255	2305	1049	1099
#E4E0F0	2330	1124	-1	2305	2355	1099	1149
#B5ACD7	2380	1174	-1	2355	2405	1149	1199
#A89ED0	2430	1224	-1	2405	2455	1199	1249
#968BC6	2480	1274	-1	2455	2505	1249	1299
#8C81C0	2530	1324	-1	2505	2555	1299	1349
#F1EFF8	1280	24	-1	1255	1305	-1	49
#DBD7EC	1380	124	-1	1355	1405	99	149
#D1A09A	1480	224	-1	1455	1505	199	249
#CF9D96	1580	324	-1	1555	1605	299	349
#CA948E	1680	424	-1	1655	1705	399	449
#D09E98	1780	524	-1	1755	1805	499	549
#D8AEA9	1880	624	-1	1855	1905	599	649
#D6D1E9	1980	724	-1	1955	2005	699	749
#F6F5FA	2080	824	-1	2055	2105	799	849
#C4BDDF	2180	924	-1	2155	2205	899	949
#E9E6F3	2280	1024	-1	2255	2305	999	1049
#E1DCEF	2380	1124	-1	2355	2405	1099	1149
#AEA5D3	2480	1224	-1	2455	2505	1199	1249
#E4E0F0	1330	74	-1	1305	1355	49	99
#FEFDFD	1430	174	-1	1405	1455	149	199
#FBF5F4	1530	274	-1	1505	1555	249	299
#BF817A	1630	374	-1	1605	1655	349	399
#CB9690	1730	474	-1	1705	1755	449	499
#D9AFA9	1830	574	-1	1805	1855	549	599
#EDD7D4	1930	674	-1	1905	1955	649	699
#F5E8E6	2030	774	-1	2005	2055	749	799
#F5E7E5	2130	874	-1	2105	2155	849	899
#E5E1F1	2230	974	-1	2205	2255	949	999
#D8D3EA	2330	1074	-1	2305	2355	1049	1099
#B4ABD6	2430	1174	-1	2405	2455	1149	1199
#9086C3	2530	1274	-1	2505	2555	1249	1299
#A399CD	2580	1324	-1	2555	2605	1299	1349
#E0DCEE	1330	24	-1	1305	1355	-1	49
#CAC3E2	1380	74	-1	1355	1405	49	99
#E8E4F2	1430	124	-1	1405	1455	99	149
#F1E0DE	1480	174	-1	1455	1505	149	199
#E8CDC9	1530	224	-1	1505	1555	199	249
#E4C4C0	1580	274	-1	1555	1605	249	299
#CE9A94	1630	324	-1	1605	1655	299	349
#C9938C	1680	374	-1	1655	1705	349	399
#D6A9A3	1730	424	-1	1705	1755	399	449
#D2A29C	1780	474	-1	1755	1805	449	499
#D3A39D	1830	524	-1	1805	1855	499	549
#CC9891	1880	574	-1	1855	1905	549	599
#EFDBD8	1930	624	-1	1905	1955	599	649
#F5F4FA	1980	674	-1	1955	2005	649	699
#F8F8FB	2030	724	-1	2005	2055	699	749
#FAF9FC	2080	774	-1	2055	2105	749	799
#F0EEF7	2130	824	-1	2105	2155	799	849
#EAE7F4	2180	874	-1	2155	2205	849	899
#D9D3EA	2230	924	-1	2205	2255	899	949
#F0EEF7	2280	974	-1	2255	2305	949	999
#D8D3EA	2330	1024	-1	2305	2355	999	1049
#F5F3F9	2380	1074	-1	2355	2405	1049	1099
#CEC7E4	2430	1124	-1	2405	2455	1099	1149
#B9B1D9	2480	1174	-1	2455	2505	1149	1199
#948AC5	2530	1224	-1	2505	2555	1199	1249
#9F95CB	2580	1274	-1	2555	2605	1249	1299
#E8E5F3	1380	24	-1	1355	1405	-1	49
#FFFEFE	1480	124	-1	1455	1505	99	149
#EAD1CE	1580	224	-1	1555	1605	199	249
#C8908A	1680	324	-1	1655	1705	299	349
#D5A8A2	1780	424	-1	1755	1805	399	449
#DFBBB6	1880	524	-1	1855	1905	499	549
#EAD1CE	1980	624	-1	1955	2005	599	649
#FEFDFD	2080	724	-1	2055	2105	699	749
#FEFDFD	2180	824	-1	2155	2205	799	849
#E2DEEF	2280	924	-1	2255	2305	899	949
#DBD6EB	2380	1024	-1	2355	2405	999	1049
#C3BCDF	2480	1124	-1	2455	2505	1099	1149
#988EC7	2580	1224	-1	2555	2605	1199	1249
#D0C9E5	1430	74	-1	1405	1455	49	99
#D9AEA9	1530	174	-1	1505	1555	149	199
#D5A8A2	1630	274	-1	1605	1655	249	299
#CD9A93	1730	374	-1	1705	1755	349	399
#D9AFAA	1830	474	-1	1805	1855	449	499
#D4A6A1	1930	574	-1	1905	1955	549	599
#ECE9F5	2030	674	-1	2005	2055	649	699
#F8F7FB	2130	774	-1	2105	2155	749	799
#DDD8EC	2230	874	-1	2205	2255	849	899
#E0DCEE	2330	974	-1	2305	2355	949	999
#D5CFE8	2430	1074	-1	2405	2455	1049	1099
#ABA2D1	2530	1174	-1	2505	2555	1149	1199
#AEA5D3	2630	1274	-1	2605	2655	1249	1299
#CAC3E2	1430	24	-1	1405	1455	-1	49
#FCFCFE	1480	74	-1	1455	1505	49	99
#EFDBD9	1530	124	-1	1505	1555	99	149
#EAD2CE	1580	174	-1	1555	1605	149	199
#E0BDB8	1630	224	-1	1605	1655	199	249
#C9928B	1680	274	-1	1655	1705	249	299
#C68E87	1730	324	-1	1705	1755	299	349
#D4A6A0	1780	374	-1	1755	1805	349	399
#D09E98	1830	424	-1	1805	1855	399	449
#D09E98	1880	474	-1	1855	1905	449	499
#C48982	1930	524	-1	1905	1955	499	549
#EAD0CD	1980	574	-1	1955	2005	549	599
#F1EFF7	2030	624	-1	2005	2055	599	649
#FBFAFD	2080	674	-1	2055	2105	649	699
#FBF6F5	2130	724	-1	2105	2155	699	749
#FCFBFD	2180	774	-1	2155	2205	749	799
#E7E4F2	2230	824	-1	2205	2255	799	849
#D7D1E9	2280	874	-1	2255	2305	849	899
#ECE9F5	2330	924	-1	2305	2355	899	949
#D2CCE7	2380	974	-1	2355	2405	949	999
#EFEDF6	2430	1024	-1	2405	2455	999	1049
#C8C1E1	2480	1074	-1	2455	2505	1049	1099
#BDB5DB	2530	1124	-1	2505	2555	1099	1149
#9287C3	2580	1174	-1	2555	2605	1149	1199
#A197CC	2630	1224	-1	2605	2655	1199	1249
#F7ECEB	1480	24	-1	1455	1505	-1	49
#D7ABA5	1580	124	-1	1555	1605	99	149
#D7ACA7	1680	224	-1	1655	1705	199	249
#D4A6A0	1780	324	-1	1755	1805	299	349
#DCB5B1	1880	424	-1	1855	1905	399	449
#D9B0AA	1980	524	-1	1955	2005	499	549
#FEFCFC	2080	624	-1	2055	2105	599	649
#FAF3F2	2180	724	-1	2155	2205	699	749
#E6E2F1	2280	824	-1	2255	2305	799	849
#F6F5FA	2380	924	-1	2355	2405	899	949
#DBD6EB	2480	1024	-1	2455	2505	999	1049
#AFA6D3	2580	1124	-1	2555	2605	1099	1149
#F9F8FC	1530	74	-1	1505	1555	49	99
#EED9D6	1630	174	-1	1605	1655	149	199
#CC9891	1730	274	-1	1705	1755	249	299
#D7ABA6	1830	374	-1	1805	1855	349	399
#D8AEA9	1930	474	-1	1905	1955	449	499
#EBD2CF	2030	574	-1	2005	2055	549	599
#F3E5E3	2130	674	-1	2105	2155	649	699
#F3E5E3	2230	774	-1	2205	2255	749	799
#EDEBF6	2330	874	-1	2305	2355	849	899
#E7E4F2	2430	974	-1	2405	2455	949	999
#D0CAE6	2530	1074	-1	2505	2555	1049	1099
#A197CC	2630	1174	-1	2605	2655	1149	1199
#ABA2D1	2680	1224	-1	2655	2705	1199	1249
#F0EEF7	1530	24	-1	1505	1555	-1	49
#FAF3F2	1580	74	-1	1555	1605	49	99
#FBF7F6	1630	124	-1	1605	1655	99	149
#F0DDDB	1680	174	-1	1655	1705	149	199
#C2867F	1730	224	-1	1705	1755	199	249
#B97770	1780	274	-1	1755	1805	249	299
#CB958F	1830	324	-1	1805	1855	299	349
#BC7C75	1880	374	-1	1855	1905	349	399
#C0837C	1930	424	-1	1905	1955	399	449
#B36E67	1980	474	-1	1955	2005	449	499
#EDD8D5	2030	524	-1	2005	2055	499	549
#F0EEF7	2080	574	-1	2055	2105	549	599
#FCF8F7	2130	624	-1	2105	2155	599	649
#E7CAC6	2180	674	-1	2155	2205	649	699
#F0DDDB	2230	724	-1	2205	2255	699	749
#F6F4FA	2280	774	-1	2255	2305	749	799
#E0DCEE	2330	824	-1	2305	2355	799	849
#FAF2F1	2380	874	-1	2355	2405	849	899
#DDD9ED	2430	924	-1	2405	2455	899	949
#F8F0EF	2480	974	-1	2455	2505	949	999
#CBC4E3	2530	1024	-1	2505	2555	999	1049
#BAB2DA	2580	1074	-1	2555	2605	1049	1099
#978DC7	2630	1124	-1	2605	2655	1099	1149
#9086C3	2680	1174	-1	2655	2705	1149	1199
#FFFEFE	1580	24	-1	1555	1605	-1	49
#EBE8F4	1680	124	-1	1655	1705	99	149
#C68D87	1780	224	-1	1755	1805	199	249
#D09E98	1880	324	-1	1855	1905	299	349
#DCB6B1	1980	424	-1	1955	2005	399	449
#E9D0CC	2080	524	-1	2055	2105	499	549
#E6C9C6	2180	624	-1	2155	2205	599	649
#E8CDC9	2280	724	-1	2255	2305	699	749
#F7F6FB	2380	824	-1	2355	2405	799	849
#DBD6EB	2480	924	-1	2455	2505	899	949
#BDB5DB	2580	1024	-1	2555	2605	999	1049
#9B90C8	2680	1124	-1	2655	2705	1099	1149
#E7CBC8	1630	74	-1	1605	1655	49	99
#DAB0AB	1730	174	-1	1705	1755	149	199
#D2A29C	1830	274	-1	1805	1855	249	299
#D09F99	1930	374	-1	1905	1955	349	399
#CC9791	2030	474	-1	2005	2055	449	499
#DEDAED	2130	574	-1	2105	2155	549	599
#EAD1CE	2230	674	-1	2205	2255	649	699
#E7E3F2	2330	774	-1	2305	2355	749	799
#F8F6FB	2430	874	-1	2405	2455	849	899
#E3DFF0	2530	974	-1	2505	2555	949	999
#B7AFD8	2630	1074	-1	2605	2655	1049	1099
#9F95CB	2730	1174	-1	2705	2755	1149	1199
#FEFCFC	1630	24	-1	1605	1655	-1	49
#DBD6EC	1680	74	-1	1655	1705	49	99
#FEFEFE	1730	124	-1	1705	1755	99	149
#E3C2BE	1780	174	-1	1755	1805	149	199
#DAB2AD	1830	224	-1	1805	1855	199	249
#E9CFCB	1880	274	-1	1855	1905	249	299
#E2C1BD	1930	324	-1	1905	1955	299	349
#DEB9B4	1980	374	-1	1955	2005	349	399
#D1A09A	2030	424	-1	2005	2055	399	449
#F8EFED	2080	474	-1	2055	2105	449	499
#EAE7F3	2130	524	-1	2105	2155	499	549
#FCF7F6	2180	574	-1	2155	2205	549	599
#EFDAD8	2230	624	-1	2205	2255	599	649
#F2E3E1	2280	674	-1	2255	2305	649	699
#F2F1F8	2330	724	-1	2305	2355	699	749
#F5F3F9	2380	774	-1	2355	2405	749	799
#F4F3F9	2430	824	-1	2405	2455	799	849
#DAD5EB	2480	874	-1	2455	2505	849	899
#E3DFF0	2530	924	-1	2505	2555	899	949
#CAC3E2	2580	974	-1	2555	2605	949	999
#CAC3E2	2630	1024	-1	2605	2655	999	1049
#B9B0D9	2680	1074	-1	2655	2705	1049	1099
#978DC6	2730	1124	-1	2705	2755	1099	1149
#F8F7FB	1680	24	-1	1655	1705	-1	49
#FFFEFE	1780	124	-1	1755	1805	99	149
#F8EFEE	1880	224	-1	1855	1905	199	249
#F0EEF7	1980	324	-1	1955	2005	299	349
#FDFDFE	2080	424	-1	2055	2105	399	449
#EAD1CE	2180	524	-1	2155	2205	499	549
#F9F1F0	2280	624	-1	2255	2305	599	649
#F5E8E7	2380	724	-1	2355	2405	699	749
#E7E4F2	2480	824	-1	2455	2505	799	849
#C6BFE0	2580	924	-1	2555	2605	899	949
#C9C2E1	2680	1024	-1	2655	2705	999	1049
#F7EDEB	1730	74	-1	1705	1755	49	99
#F4E6E4	1830	174	-1	1805	1855	149	199
#FCFBFD	1930	274	-1	1905	1955	249	299
#E3DFF0	2030	374	-1	2005	2055	349	399
#FFFFFF	2130	474	-1	2105	2155	449	499
#F5E9E7	2230	574	-1	2205	2255	549	599
#FBF6F5	2330	674	-1	2305	2355	649	699
#FCF9F8	2430	774	-1	2405	2455	749	799
#D1CBE6	2530	874	-1	2505	2555	849	899
#E5E1F1	2630	974	-1	2605	2655	949	999
#D0CAE6	2730	1074	-1	2705	2755	1049	1099
#9389C4	2780	1124	-1	2755	2805	1099	1149
#EDD8D5	1730	24	-1	1705	1755	-1	49
#F1DFDD	1780	74	-1	1755	1805	49	99
#F6F5FA	1830	124	-1	1805	1855	99	149
#FCF8F7	1880	174	-1	1855	1905	149	199
#FBFBFD	1930	224	-1	1905	1955	199	249
#F2F0F8	1980	274	-1	1955	2005	249	299
#F4F3F9	2030	324	-1	2005	2055	299	349
#E2DEEF	2080	374	-1	2055	2105	349	399
#EDEAF5	2130	424	-1	2105	2155	399	449
#E2C0BC	2180	474	-1	2155	2205	449	499
#E5C7C3	2230	524	-1	2205	2255	499	549
#EED9D6	2280	574	-1	2255	2305	549	599
#FBF5F4	2330	624	-1	2305	2355	599	649
#EEDAD7	2380	674	-1	2355	2405	649	699
#EDD7D4	2430	724	-1	2405	2455	699	749
#FEFDFD	2480	774	-1	2455	2505	749	799
#EEEBF6	2530	824	-1	2505	2555	799	849
#C1B9DD	2580	874	-1	2555	2605	849	899
#E8E5F3	2630	924	-1	2605	2655	899	949
#D1CBE6	2680	974	-1	2655	2705	949	999
#E7E3F2	2730	1024	-1	2705	2755	999	1049
#A79ECF	2780	1074	-1	2755	2805	1049	1099
#F8EEED	1780	24	-1	1755	1805	-1	49
#FCF9F8	1880	124	-1	1855	1905	99	149
#EDD6D3	1980	224	-1	1955	2005	199	249
#EFDCD9	2080	324	-1	2055	2105	299	349
#F6EBE9	2180	424	-1	2155	2205	399	449
#E2C1BD	2280	524	-1	2255	2305	499	549
#D5D0E8	2580	824	-1	2555	2605	799	849
#F3F2F9	1830	74	-1	1805	1855	49	99
#FDFDFE	1930	174	-1	1905	1955	149	199
#EDD7D4	2030	274	-1	2005	2055	249	299
#EDD7D4	2130	374	-1	2105	2155	349	399
#EFDAD8	2380	624	-1	2355	2405	599	649
#F5F4FA	2480	724	-1	2455	2505	699	749
#F7F5FA	2530	774	-1	2505	2555	749	799
#9A90C8	2780	1024	-1	2755	2805	999	1049
#F3E5E3	2230	474	-1	2205	2255	449	499
#EBD3D0	2330	574	-1	2305	2355	549	599
#F3F1F8	2430	674	-1	2405	2455	649	699
#D8D3EA	2630	874	-1	2605	2655	849	899
#C3BBDE	2680	924	-1	2655	2705	899	949
#A89FD0	2730	974	-1	2705	2755	949	999
#8B80C0	2830	1074	-1	2805	2855	1049	1099
#F4E7E5	1830	24	-1	1805	1855	-1	49
#F4E6E4	1880	74	-1	1855	1905	49	99
#F0DDDB	1930	124	-1	1905	1955	99	149
#ECD4D1	1980	174	-1	1955	2005	149	199
#D2A29C	2030	224	-1	2005	2055	199	249
#CC9892	2080	274	-1	2055	2105	249	299
#B5716A	2130	324	-1	2105	2155	299	349
#E8CDCA	2180	374	-1	2155	2205	349	399
#F9F2F1	2230	424	-1	2205	2255	399	449
#F3E3E1	2280	474	-1	2255	2305	449	499
#DBB3AE	2330	524	-1	2305	2355	499	549
#E5C7C3	2380	574	-1	2355	2405	549	599
#F9F2F1	2430	624	-1	2405	2455	599	649
#ECEAF5	2480	674	-1	2455	2505	649	699
#F5E9E8	2530	724	-1	2505	2555	699	749
#E1DDEF	2580	774	-1	2555	2605	749	799
#F9F1EF	2630	824	-1	2605	2655	799	849
#D4CEE8	2680	874	-1	2655	2705	849	899
#BAB1D9	2730	924	-1	2705	2755	899	949
#9388C4	2780	974	-1	2755	2805	949	999
#8A7FBF	2830	1024	-1	2805	2855	999	1049
#F5F3F9	1880	24	-1	1855	1905	-1	49
#E1DCEF	1980	124	-1	1955	2005	99	149
#E6C8C5	2080	224	-1	2055	2105	199	249
#DDB8B3	2180	324	-1	2155	2205	299	349
#F0DDDB	2280	424	-1	2255	2305	399	449
#E1BFBA	2380	524	-1	2355	2405	499	549
#F9F8FC	2480	624	-1	2455	2505	599	649
#F7F6FB	2580	724	-1	2555	2605	699	749
#D6D1E9	2680	824	-1	2655	2705	799	849
#B7AFD8	2780	924	-1	2755	2805	899	949
#E9E5F3	1930	74	-1	1905	1955	49	99
#F2E2DF	2030	174	-1	2005	2055	149	199
#E0BDB8	2130	274	-1	2105	2155	249	299
#EBD3CF	2230	374	-1	2205	2255	349	399
#E0BCB8	2330	474	-1	2305	2355	449	499
#E7CBC7	2430	574	-1	2405	2455	549	599
#F4F3F9	2530	674	-1	2505	2555	649	699
#CEC7E4	2630	774	-1	2605	2655	749	799
#C0B8DD	2730	874	-1	2705	2755	849	899
#AFA6D3	2830	974	-1	2805	2855	949	999
#A298CC	2880	1024	-1	2855	2905	999	1049
#F2F0F8	1930	24	-1	1905	1955	-1	49
#C3BCDF	1980	74	-1	1955	2005	49	99
#E6E2F1	2030	124	-1	2005	2055	99	149
#F9F1F0	2080	174	-1	2055	2105	149	199
#EAD1CE	2130	224	-1	2105	2155	199	249
#DFBBB7	2180	274	-1	2155	2205	249	299
#E8CDCA	2230	324	-1	2205	2255	299	349
#DBB3AE	2280	374	-1	2255	2305	349	399
#E9CECA	2330	424	-1	2305	2355	399	449
#E4C5C1	2380	474	-1	2355	2405	449	499
#E6C8C4	2430	524	-1	2405	2455	499	549
#F6EBEA	2480	574	-1	2455	2505	549	599
#FAF3F2	2530	624	-1	2505	2555	599	649
#DFDBEE	2580	674	-1	2555	2605	649	699
#E5E1F1	2630	724	-1	2605	2655	699	749
#BFB7DC	2680	774	-1	2655	2705	749	799
#CFC8E5	2730	824	-1	2705	2755	799	849
#DAD5EB	2780	874	-1	2755	2805	849	899
#EBE8F4	2830	924	-1	2805	2855	899	949
#D5CFE8	2880	974	-1	2855	2905	949	999
#EBE9F4	1980	24	-1	1955	2005	-1	49
#E8E5F3	2080	124	-1	2055	2105	99	149
#FAF4F3	2180	224	-1	2155	2205	199	249
#EAD0CD	2280	324	-1	2255	2305	299	349
#E9D0CC	2380	424	-1	2355	2405	399	449
#F2E1DE	2480	524	-1	2455	2505	499	549
#FEFEFF	2580	624	-1	2555	2605	599	649
#D8D2EA	2680	724	-1	2655	2705	699	749
#ECEAF5	2780	824	-1	2755	2805	799	849
#F2F0F8	2880	924	-1	2855	2905	899	949
#B1A8D4	2030	74	-1	2005	2055	49	99
#FDF9F9	2130	174	-1	2105	2155	149	199
#E6CAC6	2230	274	-1	2205	2255	249	299
#CD9993	2330	374	-1	2305	2355	349	399
#DFBAB5	2430	474	-1	2405	2455	449	499
#EEDAD7	2530	574	-1	2505	2555	549	599
#E6E2F1	2630	674	-1	2605	2655	649	699
#CCC5E3	2730	774	-1	2705	2755	749	799
#E0DBEE	2830	874	-1	2805	2855	849	899
#CEC7E4	2930	974	-1	2905	2955	949	999
#E0DCEE	2030	24	-1	2005	2055	-1	49
#E7E4F2	2080	74	-1	2055	2105	49	99
#E0DCEE	2130	124	-1	2105	2155	99	149
#F6F5FA	2180	174	-1	2155	2205	149	199
#FBF6F5	2230	224	-1	2205	2255	199	249
#E2C1BD	2280	274	-1	2255	2305	249	299
#D09F99	2330	324	-1	2305	2355	299	349
#D9AFAA	2380	374	-1	2355	2405	349	399
#DBB2AD	2430	424	-1	2405	2455	399	449
#E6C8C4	2480	474	-1	2455	2505	449	499
#ECD5D2	2530	524	-1	2505	2555	499	549
#F1DFDC	2580	574	-1	2555	2605	549	599
#ECE9F5	2630	624	-1	2605	2655	599	649
#EAE7F4	2680	674	-1	2655	2705	649	699
#BFB7DC	2730	724	-1	2705	2755	699	749
#E2DEEF	2780	774	-1	2755	2805	749	799
#E7E3F2	2830	824	-1	2805	2855	799	849
#F6F5FA	2880	874	-1	2855	2905	849	899
#E2DEEF	2930	924	-1	2905	2955	899	949
#F8F7FB	2080	24	-1	2055	2105	-1	49
#DFDAED	2180	124	-1	2155	2205	99	149
#F3E3E1	2280	224	-1	2255	2305	199	249
#C0837C	2380	324	-1	2355	2405	299	349
#DDB8B3	2480	424	-1	2455	2505	399	449
#E6C9C5	2580	524	-1	2555	2605	499	549
#EBE8F4	2680	624	-1	2655	2705	599	649
#C9C2E2	2780	724	-1	2755	2805	699	749
#E5E2F1	2880	824	-1	2855	2905	799	849
#E9E6F3	2130	74	-1	2105	2155	49	99
#EDEAF5	2230	174	-1	2205	2255	149	199
#E9CECA	2330	274	-1	2305	2355	249	299
#E6C9C5	2430	374	-1	2405	2455	349	399
#F2E1DF	2530	474	-1	2505	2555	449	499
#FDF9F9	2630	574	-1	2605	2655	549	599
#E2DFF0	2730	674	-1	2705	2755	649	699
#FFFFFF	2830	774	-1	2805	2855	749	799
#FEFEFF	2930	874	-1	2905	2955	849	899
#D8D2EA	2980	924	-1	2955	3005	899	949
#F9F2F1	2130	24	-1	2105	2155	-1	49
#DAD6EB	2180	74	-1	2155	2205	49	99
#DBD6EC	2230	124	-1	2205	2255	99	149
#FEFDFD	2280	174	-1	2255	2305	149	199
#F2E1DE	2330	224	-1	2305	2355	199	249
#D7ACA7	2380	274	-1	2355	2405	249	299
#DEB9B4	2430	324	-1	2405	2455	299	349
#E1BEBA	2480	374	-1	2455	2505	349	399
#E4C4C0	2530	424	-1	2505	2555	399	449
#EFDBD8	2580	474	-1	2555	2605	449	499
#F3E4E2	2630	524	-1	2605	2655	499	549
#E7E4F2	2680	574	-1	2655	2705	549	599
#E2DEEF	2730	624	-1	2705	2755	599	649
#BEB6DC	2780	674	-1	2755	2805	649	699
#E1DDEF	2830	724	-1	2805	2855	699	749
#E9E6F3	2880	774	-1	2855	2905	749	799
#FDFCFE	2930	824	-1	2905	2955	799	849
#D4CEE8	2980	874	-1	2955	3005	849	899
#DBD6EC	2180	24	-1	2155	2205	-1	49
#C1B9DD	2280	124	-1	2255	2305	99	149
#F9F1F0	2380	224	-1	2355	2405	199	249
#E8CDCA	2480	324	-1	2455	2505	299	349
#F2E2E0	2580	424	-1	2555	2605	399	449
#FAF9FC	2680	524	-1	2655	2705	499	549
#D0CAE6	2780	624	-1	2755	2805	599	649
#F4F2F9	2880	724	-1	2855	2905	699	749
#F7F6FB	2980	824	-1	2955	3005	799	849
#D3CDE7	2230	74	-1	2205	2255	49	99
#F7F6FB	2330	174	-1	2305	2355	149	199
#CE9B95	2430	274	-1	2405	2455	249	299
#E1BEB9	2530	374	-1	2505	2555	349	399
#F1E0DD	2630	474	-1	2605	2655	449	499
#DEDAED	2730	574	-1	2705	2755	549	599
#CAC3E2	2830	674	-1	2805	2855	649	699
#E1DDEF	2930	774	-1	2905	2955	749	799
#BFB7DC	3030	874	-1	3005	3055	849	899
#F8EFEE	2230	24	-1	2205	2255	-1	49
#C6BFE0	2280	74	-1	2255	2305	49	99
#D9D4EA	2330	124	-1	2305	2355	99	149
#FDFCFE	2380	174	-1	2355	2405	149	199
#D4A5A0	2430	224	-1	2405	2455	199	249
#D9AFA9	2480	274	-1	2455	2505	249	299
#DDB8B3	2530	324	-1	2505	2555	299	349
#E9CFCC	2580	374	-1	2555	2605	349	399
#ECD5D2	2630	424	-1	2605	2655	399	449
#F3E4E2	2680	474	-1	2655	2705	449	499
#EBE8F4	2730	524	-1	2705	2755	499	549
#E5E1F1	2780	574	-1	2755	2805	549	599
#BFB7DC	2830	624	-1	2805	2855	599	649
#EBE8F4	2880	674	-1	2855	2905	649	699
#F3F1F9	2930	724	-1	2905	2955	699	749
#FCF8F7	2980	774	-1	2955	3005	749	799
#E3E0F0	3030	824	-1	3005	3055	799	849
#ECE9F5	2280	24	-1	2255	2305	-1	49
#D1CBE6	2380	124	-1	2355	2405	99	149
#BE7F78	2480	224	-1	2455	2505	199	249
#E4C6C2	2580	324	-1	2555	2605	299	349
#E6C9C5	2680	424	-1	2655	2705	399	449
#E9E6F3	2780	524	-1	2755	2805	499	549
#D1CBE6	2880	624	-1	2855	2905	599	649
#ECE9F5	2980	724	-1	2955	3005	699	749
#A59BCE	2330	74	-1	2305	2355	49	99
#F2F1F8	2430	174	-1	2405	2455	149	199
#E9CFCB	2530	274	-1	2505	2555	249	299
#F9F1F0	2630	374	-1	2605	2655	349	399
#FBF6F5	2730	474	-1	2705	2755	449	499
#DFDAED	2830	574	-1	2805	2855	549	599
#F8EEED	2930	674	-1	2905	2955	649	699
#FAF4F3	3030	774	-1	3005	3055	749	799
#CFC9E5	3080	824	-1	3055	3105	799	849
#E4E0F0	2330	24	-1	2305	2355	-1	49
#D1CBE6	2380	74	-1	2355	2405	49	99
#E4E1F1	2430	124	-1	2405	2455	99	149
#E0BCB7	2480	174	-1	2455	2505	149	199
#DFBAB5	2530	224	-1	2505	2555	199	249
#E6C9C5	2580	274	-1	2555	2605	249	299
#F2E2E0	2630	324	-1	2605	2655	299	349
#F3E4E2	2680	374	-1	2655	2705	349	399
#F3E4E2	2730	424	-1	2705	2755	399	449
#E6E3F2	2780	474	-1	2755	2805	449	499
#E7E3F2	2830	524	-1	2805	2855	499	549
#B7AED8	2880	574	-1	2855	2905	549	599
#ECE9F5	2930	624	-1	2905	2955	599	649
#EDEAF5	2980	674	-1	2955	3005	649	699
#F7ECEA	3030	724	-1	3005	3055	699	749
#DEDAED	3080	774	-1	3055	3105	749	799
#DAD5EB	2380	24	-1	2355	2405	-1	49
#EBE8F4	2480	124	-1	2455	2505	99	149
#E9CFCC	2580	224	-1	2555	2605	199	249
#FAF4F4	2680	324	-1	2655	2705	299	349
#F2E1DF	2780	424	-1	2755	2805	399	449
#EDEBF6	2880	524	-1	2855	2905	499	549
#F0DEDB	2980	624	-1	2955	3005	599	649
#F7ECEA	3080	724	-1	3055	3105	699	749
#CCC5E3	2430	74	-1	2405	2455	49	99
#C28780	2530	174	-1	2505	2555	149	199
#E9CFCB	2630	274	-1	2605	2655	249	299
#E0BCB7	2730	374	-1	2705	2755	349	399
#FCF9F8	2830	474	-1	2805	2855	449	499
#E2DEEF	2930	574	-1	2905	2955	549	599
#ECE9F5	3030	674	-1	3005	3055	649	699
#CCC5E3	3130	774	-1	3105	3155	749	799
#E2DEEF	2430	24	-1	2405	2455	-1	49
#DDD8EC	2480	74	-1	2455	2505	49	99
#DEB9B5	2530	124	-1	2505	2555	99	149
#E4C5C1	2580	174	-1	2555	2605	149	199
#F6EAE8	2630	224	-1	2605	2655	199	249
#FAF3F2	2680	274	-1	2655	2705	249	299
#E5C7C3	2730	324	-1	2705	2755	299	349
#E7CBC8	2780	374	-1	2755	2805	349	399
#FDFAF9	2830	424	-1	2805	2855	399	449
#FEFEFF	2880	474	-1	2855	2905	449	499
#C5BEE0	2930	524	-1	2905	2955	499	549
#FBF5F4	2980	574	-1	2955	3005	549	599
#FAF9FC	3030	624	-1	3005	3055	599	649
#F2E2E0	3080	674	-1	3055	3105	649	699
#DAD5EB	3130	724	-1	3105	3155	699	749
#EEEBF6	2480	24	-1	2455	2505	-1	49
#C48A83	2580	124	-1	2555	2605	99	149
#F1E0DE	2680	224	-1	2655	2705	199	249
#CC9791	2780	324	-1	2755	2805	299	349
#F1DFDD	2880	424	-1	2855	2905	399	449
#FEFEFF	2980	524	-1	2955	3005	499	549
#F7ECEB	3080	624	-1	3055	3105	599	649
#E3DFF0	2530	74	-1	2505	2555	49	99
#F3E4E2	2630	174	-1	2605	2655	149	199
#FCF9F8	2730	274	-1	2705	2755	249	299
#DEBAB5	2830	374	-1	2805	2855	349	399
#F5E9E7	2930	474	-1	2905	2955	449	499
#DEB9B4	3030	574	-1	3005	3055	549	599
#DEB9B4	3130	674	-1	3105	3155	649	699
#F8F7FB	3180	724	-1	3155	3205	699	749
#FCFCFE	2530	24	-1	2505	2555	-1	49
#F5E7E6	2580	74	-1	2555	2605	49	99
#EDD7D4	2630	124	-1	2605	2655	99	149
#F4E6E4	2680	174	-1	2655	2705	149	199
#FBF5F4	2730	224	-1	2705	2755	199	249
#EBD4D1	2780	274	-1	2755	2805	249	299
#DBB3AE	2830	324	-1	2805	2855	299	349
#F1E0DE	2880	374	-1	2855	2905	349	399
#F3E3E1	2930	424	-1	2905	2955	399	449
#DED9ED	2980	474	-1	2955	3005	449	499
#F1DFDD	3030	524	-1	3005	3055	499	549
#FBFAFD	3080	574	-1	3055	3105	549	599
#E8CCC9	3130	624	-1	3105	3155	599	649
#F3F1F8	3180	674	-1	3155	3205	649	699
#F8F7FB	2580	24	-1	2555	2605	-1	49
#EEEBF6	2680	124	-1	2655	2705	99	149
#FBF5F5	2780	224	-1	2755	2805	199	249
#F6EBE9	2880	324	-1	2855	2905	299	349
#EEEBF6	2980	424	-1	2955	3005	399	449
#F4F3F9	3080	524	-1	3055	3105	499	549
#F7F6FB	3180	624	-1	3155	3205	599	649
#FCF8F8	2630	74	-1	2605	2655	49	99
#FBF5F4	2730	174	-1	2705	2755	149	199
#F1DFDC	2830	274	-1	2805	2855	249	299
#FCF9F9	2930	374	-1	2905	2955	349	399
#ECE9F5	3030	474	-1	3005	3055	449	499
#ECEAF5	3130	574	-1	3105	3155	549	599
#AEA5D3	3230	674	-1	3205	3255	649	699
#F9F2F1	2630	24	-1	2605	2655	-1	49
#F2F0F8	2680	74	-1	2655	2705	49	99
#EDEAF5	2730	124	-1	2705	2755	99	149
#FDFDFE	2780	174	-1	2755	2805	149	199
#F9F1F0	2830	224	-1	2805	2855	199	249
#F4E6E4	2880	274	-1	2855	2905	249	299
#FEFEFE	2930	324	-1	2905	2955	299	349
#FDFCFE	2980	374	-1	2955	3005	349	399
#D9D4EB	3030	424	-1	3005	3055	399	449
#F1EFF7	3080	474	-1	3055	3105	449	499
#E3DFF0	3130	524	-1	3105	3155	499	549
#FAF9FC	3180	574	-1	3155	3205	549	599
#D6D0E9	3230	624	-1	3205	3255	599	649
#F3E3E1	2680	24	-1	2655	2705	-1	49
#FAFAFD	2780	124	-1	2755	2805	99	149
#F0EEF7	2880	224	-1	2855	2905	199	249
#F1E1DE	2980	324	-1	2955	3005	299	349
#FFFEFF	3080	424	-1	3055	3105	399	449
#CCC5E3	3180	524	-1	3155	3205	499	549
#FBF6F6	2730	74	-1	2705	2755	49	99
#F0DDDA	2830	174	-1	2805	2855	149	199
#FCF7F7	2930	274	-1	2905	2955	249	299
#F2F0F8	3030	374	-1	3005	3055	349	399
#EEEBF6	3130	474	-1	3105	3155	449	499
#BDB5DB	3230	574	-1	3205	3255	549	599
#AAA1D1	3280	624	-1	3255	3305	599	649
#D8D3EA	2730	24	-1	2705	2755	-1	49
#ECE9F4	2780	74	-1	2755	2805	49	99
#F7F6FB	2830	124	-1	2805	2855	99	149
#F3F2F9	2880	174	-1	2855	2905	149	199
#E9E6F3	2930	224	-1	2905	2955	199	249
#ECD6D3	2980	274	-1	2955	3005	249	299
#F6F4FA	3030	324	-1	3005	3055	299	349
#E1BEBA	3080	374	-1	3055	3105	349	399
#E5E2F1	3130	424	-1	3105	3155	399	449
#E8E4F2	3180	474	-1	3155	3205	449	499
#BAB2DA	3230	524	-1	3205	3255	499	549
#BBB3DA	3280	574	-1	3255	3305	549	599
#F2F0F8	2780	24	-1	2755	2805	-1	49
#D3CDE7	2880	124	-1	2855	2905	99	149
#F6EAE8	2980	224	-1	2955	3005	199	249
#FCFCFE	3080	324	-1	3055	3105	299	349
#F4F3F9	3180	424	-1	3155	3205	399	449
#FFFEFE	3280	524	-1	3255	3305	499	549
#D0C9E5	2830	74	-1	2805	2855	49	99
#EEECF6	2930	174	-1	2905	2955	149	199
#F5E9E7	3030	274	-1	3005	3055	249	299
#F9F0EF	3130	374	-1	3105	3155	349	399
#FBF5F5	3230	474	-1	3205	3255	449	499
#F3F2F9	3330	574	-1	3305	3355	549	599
#DBD6EB	2830	24	-1	2805	2855	-1	49
#B8AFD8	2880	74	-1	2855	2905	49	99
#C0B9DD	2930	124	-1	2905	2955	99	149
#FCF7F7	2980	174	-1	2955	3005	149	199
#F9F8FC	3030	224	-1	3005	3055	199	249
#FBF6F6	3080	274	-1	3055	3105	249	299
#F9F8FC	3130	324	-1	3105	3155	299	349
#FEFDFD	3180	374	-1	3155	3205	349	399
#F3E3E1	3230	424	-1	3205	3255	399	449
#E1BEBA	3280	474	-1	3255	3305	449	499
#EFDAD8	3330	524	-1	3305	3355	499	549
#FAFAFC	2880	24	-1	2855	2905	-1	49
#E2DEEF	2980	124	-1	2955	3005	99	149
#F9F8FC	3080	224	-1	3055	3105	199	249
#FDFBFA	3180	324	-1	3155	3205	299	349
#E8CDC9	3280	424	-1	3255	3305	399	449
#ACA3D2	2930	74	-1	2905	2955	49	99
#F7F5FA	3030	174	-1	3005	3055	149	199
#FEFEFF	3130	274	-1	3105	3155	249	299
#F7ECEB	3230	374	-1	3205	3255	349	399
#DDB6B1	3330	474	-1	3305	3355	449	499
#EFDBD9	3380	524	-1	3355	3405	499	549
#C8C1E1	2930	24	-1	2905	2955	-1	49
#B9B1D9	2980	74	-1	2955	3005	49	99
#F2F0F8	3030	124	-1	3005	3055	99	149
#F5F4FA	3080	174	-1	3055	3105	149	199
#FAF3F2	3130	224	-1	3105	3155	199	249
#FAF2F1	3180	274	-1	3155	3205	249	299
#F4E6E4	3230	324	-1	3205	3255	299	349
#EAD2CE	3280	374	-1	3255	3305	349	399
#D8AEA9	3330	424	-1	3305	3355	399	449
#E9CECA	3380	474	-1	3355	3405	449	499
#EFEDF7	2980	24	-1	2955	3005	-1	49
#F1EFF7	3080	124	-1	3055	3105	99	149
#F4E7E5	3180	224	-1	3155	3205	199	249
#E9D0CC	3280	324	-1	3255	3305	299	349
#D2A29C	3380	424	-1	3355	3405	399	449
#F2F0F8	3030	74	-1	3005	3055	49	99
#FCFCFD	3130	174	-1	3105	3155	149	199
#F1E0DE	3230	274	-1	3205	3255	249	299
#DCB5B0	3330	374	-1	3305	3355	349	399
#E6C9C5	3430	474	-1	3405	3455	449	499
#F0EEF7	3030	24	-1	3005	3055	-1	49
#F9F8FC	3080	74	-1	3055	3105	49	99
#D7D2EA	3130	124	-1	3105	3155	99	149
#FCF8F7	3180	174	-1	3155	3205	149	199
#FBFAFD	3230	224	-1	3205	3255	199	249
#F2E3E1	3280	274	-1	3255	3305	249	299
#F1DFDC	3330	324	-1	3305	3355	299	349
#D7ABA5	3380	374	-1	3355	3405	349	399
#E4C5C1	3430	424	-1	3405	3455	399	449
#FEFEFF	3080	24	-1	3055	3105	-1	49
#F8F7FB	3180	124	-1	3155	3205	99	149
#F7EDEB	3280	224	-1	3255	3305	199	249
#FAF4F3	3380	324	-1	3355	3405	299	349
#DEDAED	3130	74	-1	3105	3155	49	99
#F8F7FB	3230	174	-1	3205	3255	149	199
#F8EFEE	3330	274	-1	3305	3355	249	299
#F5E9E7	3430	374	-1	3405	3455	349	399
#EEECF6	3480	424	-1	3455	3505	399	449
#F4F2F9	3130	24	-1	3105	3155	-1	49
#EFEDF6	3180	74	-1	3155	3205	49	99
#F9F8FC	3230	124	-1	3205	3255	99	149
#E3C2BE	3280	174	-1	3255	3305	149	199
#F1E1DE	3330	224	-1	3305	3355	199	249
#F4E6E4	3380	274	-1	3355	3405	249	299
#FAF3F2	3430	324	-1	3405	3455	299	349
#FBF5F4	3480	374	-1	3455	3505	349	399
#F0EEF7	3180	24	-1	3155	3205	-1	49
#FCFBFD	3280	124	-1	3255	3305	99	149
#FEFCFC	3380	224	-1	3355	3405	199	249
#F3E3E1	3480	324	-1	3455	3505	299	349
#F8F6FB	3230	74	-1	3205	3255	49	99
#E6C9C5	3330	174	-1	3305	3355	149	199
#EDD8D5	3430	274	-1	3405	3455	249	299
#E6C8C4	3530	374	-1	3505	3555	349	399
#FEFDFE	3230	24	-1	3205	3255	-1	49
#F3F2F9	3280	74	-1	3255	3305	49	99
#FFFFFF	3330	124	-1	3305	3355	99	149
#F4E5E3	3380	174	-1	3355	3405	149	199
#F1E0DE	3430	224	-1	3405	3455	199	249
#E3C2BE	3480	274	-1	3455	3505	249	299
#ECD5D2	3530	324	-1	3505	3555	299	349
#F4F3F9	3280	24	-1	3255	3305	-1	49
#EBE8F4	3380	124	-1	3355	3405	99	149
#EAD0CD	3480	224	-1	3455	3505	199	249
#DBD6EB	3330	74	-1	3305	3355	49	99
#FBF6F6	3430	174	-1	3405	3455	149	199
#DFBAB6	3530	274	-1	3505	3555	249	299
#E5C7C3	3580	324	-1	3555	3605	299	349
#F8F7FB	3330	24	-1	3305	3355	-1	49
#E8E5F2	3380	74	-1	3355	3405	49	99
#FDFCFE	3430	124	-1	3405	3455	99	149
#EAD1CE	3480	174	-1	3455	3505	149	199
#DFBBB7	3530	224	-1	3505	3555	199	249
#EBD3D0	3580	274	-1	3555	3605	249	299
#FEFEFE	3380	24	-1	3355	3405	-1	49
#F6F4FA	3480	124	-1	3455	3505	99	149
#EBD3D0	3580	224	-1	3555	3605	199	249
#FDFBFB	3430	74	-1	3405	3455	49	99
#ECD5D2	3530	174	-1	3505	3555	149	199
#F2E2E0	3630	274	-1	3605	3655	249	299
#F6F4FA	3430	24	-1	3405	3455	-1	49
#EAE7F4	3480	74	-1	3455	3505	49	99
#FEFEFF	3530	124	-1	3505	3555	99	149
#E7CBC7	3580	174	-1	3555	3605	149	199
#F3E5E3	3630	224	-1	3605	3655	199	249
#E7E4F2	3480	24	-1	3455	3505	-1	49
#F0DEDC	3580	124	-1	3555	3605	99	149
#F6F5FA	3530	74	-1	3505	3555	49	99
#CD9993	3630	174	-1	3605	3655	149	199
#E0BDB9	3680	224	-1	3655	3705	199	249
#E4E1F1	3530	24	-1	3505	3555	-1	49
#F9F8FC	3580	74	-1	3555	3605	49	99
#D7ACA7	3630	124	-1	3605	3655	99	149
#DDB7B2	3680	174	-1	3655	3705	149	199
#DDD8ED	3580	24	-1	3555	3605	-1	49
#EED9D7	3680	124	-1	3655	3705	99	149
#F9F2F1	3630	74	-1	3605	3655	49	99
#E7CBC7	3730	174	-1	3705	3755	149	199
#F7F6FB	3630	24	-1	3605	3655	-1	49
#E1DDEF	3680	74	-1	3655	3705	49	99
#FEFDFD	3730	124	-1	3705	3755	99	149
#FEFEFE	3680	24	-1	3655	3705	-1	49
#FAF3F2	3730	74	-1	3705	3755	49	99
#F2E1DF	3780	124	-1	3755	3805	99	149
#FCF7F7	3730	24	-1	3705	3755	-1	49
#EDD7D4	3780	74	-1	3755	3805	49	99
#FFFFFF	3780	24	-1	3755	3805	-1	49
#CD9A94	3830	74	-1	3805	3855	49	99
#ECD6D3	3830	24	-1	3805	3855	-1	49
#F9F1F0	3880	24	-1	3855	3905	-1	49
