x	y	group	clickSelects
-44.75	48.25	17587	3461
-44.75	48.75	17587	3461
-44.25	49.25	17587	3461
-34.75	49.25	17587	3461
-34.25	48.75	17587	3461
-33.75	48.75	17587	3461
-33.25	49.25	17587	3461
-32.75	49.25	17587	3461
-32.75	47.25	17587	3461
-32.25	47.25	17587	3461
-31.75	47.75	17587	3461
-31.25	47.75	17587	3461
-31.25	45.75	17587	3461
-30.75	45.25	17587	3461
-30.75	44.75	17587	3461
-31.75	44.75	17587	3461
-31.75	43.75	17587	3461
-32.25	43.25	17587	3461
-32.25	42.75	17587	3461
-31.75	42.25	17587	3461
-31.75	41.75	17587	3461
-32.75	40.75	17587	3461
-33.25	40.75	17587	3461
-33.25	41.25	17587	3461
-32.75	41.75	17587	3461
-32.75	42.25	17587	3461
-33.25	42.25	17587	3461
-34.25	41.25	17587	3461
-34.25	40.75	17587	3461
-33.75	40.25	17587	3461
-33.75	39.75	17587	3461
-34.25	39.25	17587	3461
-34.75	39.25	17587	3461
-34.75	40.25	17587	3461
-37.25	40.25	17587	3461
-37.25	39.25	17587	3461
-37.75	38.75	17587	3461
-37.75	38.25	17587	3461
-36.75	37.25	17587	3461
-36.25	37.25	17587	3461
-35.75	37.75	17587	3461
-35.25	37.75	17587	3461
-35.25	36.25	17587	3461
-35.75	35.75	17587	3461
-35.75	34.75	17587	3461
-36.75	34.75	17587	3461
-36.75	33.75	17587	3461
-37.25	33.25	17587	3461
-38.25	33.25	17587	3461
-38.25	32.75	17587	3461
-37.75	32.25	17587	3461
-36.75	32.25	17587	3461
-36.25	31.75	17587	3461
-35.75	31.75	17587	3461
-35.75	32.75	17587	3461
-35.25	32.75	17587	3461
-34.75	32.25	17587	3461
-34.75	31.25	17587	3461
-34.25	30.75	17587	3461
-33.25	30.75	17587	3461
-33.25	29.75	17587	3461
-32.25	29.75	17587	3461
-32.25	29.25	17587	3461
-32.75	28.75	17587	3461
-32.75	28.25	17587	3461
-32.25	28.25	17587	3461
-31.75	28.75	17587	3461
-31.25	28.75	17587	3461
-30.75	28.25	17587	3461
-30.75	27.75	17587	3461
-31.75	27.75	17587	3461
-32.75	26.75	17587	3461
-33.75	26.75	17587	3461
-33.75	26.25	17587	3461
-32.25	24.75	17587	3461
-32.25	24.25	17587	3461
-33.25	23.25	17587	3461
-33.75	23.25	17587	3461
-33.75	24.25	17587	3461
-34.25	24.25	17587	3461
-34.75	23.75	17587	3461
-36.25	23.75	17587	3461
-36.75	24.25	17587	3461
-36.75	24.75	17587	3461
-35.75	24.75	17587	3461
-34.75	25.75	17587	3461
-34.75	28.25	17587	3461
-35.75	28.25	17587	3461
-35.75	28.75	17587	3461
-35.25	29.25	17587	3461
-35.25	30.75	17587	3461
-35.75	30.75	17587	3461
-36.75	29.75	17587	3461
-36.75	27.75	17587	3461
-37.25	27.25	17587	3461
-37.75	27.25	17587	3461
-37.75	28.25	17587	3461
-38.25	28.25	17587	3461
-38.75	27.75	17587	3461
-38.75	25.75	17587	3461
-39.75	25.75	17587	3461
-40.75	24.75	17587	3461
-41.25	24.75	17587	3461
-41.25	25.75	17587	3461
-41.75	25.75	17587	3461
-42.25	25.25	17587	3461
-42.75	25.25	17587	3461
-42.75	26.75	17587	3461
-41.75	26.75	17587	3461
-41.25	27.25	17587	3461
-40.75	27.25	17587	3461
-40.75	26.25	17587	3461
-40.25	26.25	17587	3461
-39.75	26.75	17587	3461
-39.75	27.75	17587	3461
-39.25	28.25	17587	3461
-39.25	28.75	17587	3461
-39.75	28.75	17587	3461
-40.25	28.25	17587	3461
-41.25	28.25	17587	3461
-41.75	27.75	17587	3461
-42.75	27.75	17587	3461
-43.25	27.25	17587	3461
-43.75	27.25	17587	3461
-43.75	27.75	17587	3461
-43.25	28.25	17587	3461
-43.25	33.75	17587	3461
-43.75	33.75	17587	3461
-44.25	33.25	17587	3461
-44.75	33.25	17587	3461
-44.75	36.75	17587	3461
-44.25	37.25	17587	3461
-43.75	37.25	17587	3461
-43.75	35.25	17587	3461
-42.75	34.25	17587	3461
-41.25	34.25	17587	3461
-41.25	35.25	17587	3461
-40.75	35.25	17587	3461
-39.75	34.25	17587	3461
-39.25	34.25	17587	3461
-39.25	34.75	17587	3461
-40.25	35.75	17587	3461
-40.25	37.25	17587	3461
-39.25	37.25	17587	3461
-39.25	38.75	17587	3461
-39.75	39.25	17587	3461
-40.25	39.25	17587	3461
-40.25	38.25	17587	3461
-40.75	37.75	17587	3461
-41.75	37.75	17587	3461
-41.75	36.75	17587	3461
-42.25	36.75	17587	3461
-44.25	38.75	17587	3461
-44.25	40.75	17587	3461
-44.75	41.25	17587	3461
-44.75	41.75	17587	3461
-44.25	42.25	17587	3461
-44.25	44.75	17587	3461
-44.75	45.25	17587	3461
-44.75	48.25	17587	3461
-32.25	49.25	17588	3461
-32.25	48.75	17588	3461
-31.75	48.75	17588	3461
-31.75	49.25	17588	3461
-32.25	49.25	17588	3461
-30.25	48.75	17589	3461
-30.25	49.25	17589	3461
-29.75	49.25	17589	3461
-29.75	48.75	17589	3461
-30.25	48.75	17589	3461
-26.75	48.25	17590	3461
-26.75	48.75	17590	3461
-26.25	49.25	17590	3461
-21.75	49.25	17590	3461
-21.75	47.25	17590	3461
-20.25	45.75	17590	3461
-20.25	45.25	17590	3461
-20.75	45.25	17590	3461
-22.75	47.25	17590	3461
-22.75	48.25	17590	3461
-23.25	48.25	17590	3461
-23.75	47.75	17590	3461
-23.75	47.25	17590	3461
-23.25	46.75	17590	3461
-23.25	46.25	17590	3461
-24.75	44.75	17590	3461
-24.75	43.75	17590	3461
-25.25	43.75	17590	3461
-25.75	44.25	17590	3461
-25.75	44.75	17590	3461
-24.25	46.25	17590	3461
-24.25	46.75	17590	3461
-24.75	47.25	17590	3461
-25.25	47.25	17590	3461
-25.75	46.75	17590	3461
-27.25	46.75	17590	3461
-27.25	47.25	17590	3461
-26.75	47.75	17590	3461
-26.75	48.25	17590	3461
-21.25	49.25	17591	3461
-21.25	48.75	17591	3461
-20.75	48.25	17591	3461
-20.25	48.25	17591	3461
-20.25	48.75	17591	3461
-20.75	49.25	17591	3461
-21.25	49.25	17591	3461
-44.75	44.25	30339	6140
-44.75	44.75	30339	6140
-44.25	44.75	30339	6140
-44.25	42.25	30339	6140
-44.75	42.25	30339	6140
-44.75	44.25	30339	6140
-44.75	40.25	34550	6923
-44.75	40.75	34550	6923
-44.25	40.75	34550	6923
-44.25	38.75	34550	6923
-42.25	36.75	34550	6923
-41.75	36.75	34550	6923
-41.75	37.75	34550	6923
-40.75	37.75	34550	6923
-40.25	38.25	34550	6923
-40.25	39.25	34550	6923
-39.75	39.25	34550	6923
-39.25	38.75	34550	6923
-39.25	37.25	34550	6923
-40.25	37.25	34550	6923
-40.25	35.75	34550	6923
-39.25	34.75	34550	6923
-39.25	34.25	34550	6923
-39.75	34.25	34550	6923
-40.75	35.25	34550	6923
-41.25	35.25	34550	6923
-41.25	34.25	34550	6923
-42.75	34.25	34550	6923
-43.75	35.25	34550	6923
-43.75	37.25	34550	6923
-44.75	37.25	34550	6923
-44.75	40.25	34550	6923
-34.25	48.75	34547	6921
-34.25	49.25	34547	6921
-33.75	49.25	34547	6921
-33.75	48.75	34547	6921
-34.25	48.75	34547	6921
-32.75	48.25	3065	1314
-32.75	48.75	3065	1314
-31.75	48.75	3065	1314
-31.25	49.25	3065	1314
-30.75	49.25	3065	1314
-30.25	48.75	3065	1314
-29.75	48.75	3065	1314
-29.25	49.25	3065	1314
-26.75	49.25	3065	1314
-26.75	47.75	3065	1314
-27.25	47.25	3065	1314
-27.25	46.75	3065	1314
-25.75	46.75	3065	1314
-25.25	47.25	3065	1314
-24.75	47.25	3065	1314
-24.25	46.75	3065	1314
-24.25	46.25	3065	1314
-25.75	44.75	3065	1314
-25.75	44.25	3065	1314
-25.25	43.75	3065	1314
-24.75	43.75	3065	1314
-24.75	44.75	3065	1314
-23.25	46.25	3065	1314
-23.25	46.75	3065	1314
-23.75	47.25	3065	1314
-23.75	47.75	3065	1314
-23.25	48.25	3065	1314
-22.75	48.25	3065	1314
-22.75	47.25	3065	1314
-20.75	45.25	3065	1314
-20.25	45.25	3065	1314
-20.25	45.75	3065	1314
-21.75	47.25	3065	1314
-21.75	48.75	3065	1314
-21.25	48.75	3065	1314
-20.75	48.25	3065	1314
-20.25	48.25	3065	1314
-20.25	49.25	3065	1314
-16.75	49.25	3065	1314
-15.75	48.25	3065	1314
-15.75	46.75	3065	1314
-16.25	46.25	3065	1314
-16.25	45.75	3065	1314
-15.75	45.75	3065	1314
-14.25	47.25	3065	1314
-13.75	47.25	3065	1314
-12.75	46.25	3065	1314
-12.75	45.75	3065	1314
-13.75	45.75	3065	1314
-13.75	45.25	3065	1314
-12.75	44.25	3065	1314
-12.25	44.25	3065	1314
-10.75	45.75	3065	1314
-10.25	45.75	3065	1314
-10.25	44.75	3065	1314
-9.25	43.75	3065	1314
-8.75	43.75	3065	1314
-8.25	44.25	3065	1314
-7.75	44.25	3065	1314
-7.25	43.75	3065	1314
-7.25	43.25	3065	1314
-8.25	43.25	3065	1314
-8.75	42.75	3065	1314
-9.25	42.75	3065	1314
-10.75	44.25	3065	1314
-11.25	44.25	3065	1314
-11.25	43.75	3065	1314
-10.25	42.75	3065	1314
-10.25	42.25	3065	1314
-10.75	41.75	3065	1314
-11.25	41.75	3065	1314
-11.75	42.25	3065	1314
-11.75	43.25	3065	1314
-12.25	43.25	3065	1314
-13.75	41.75	3065	1314
-13.75	40.75	3065	1314
-14.25	40.25	3065	1314
-14.25	39.25	3065	1314
-14.75	38.75	3065	1314
-14.75	38.25	3065	1314
-13.25	36.75	3065	1314
-13.25	36.25	3065	1314
-13.75	36.25	3065	1314
-15.75	38.25	3065	1314
-16.25	38.25	3065	1314
-16.75	37.75	3065	1314
-17.75	37.75	3065	1314
-17.75	36.75	3065	1314
-18.75	36.75	3065	1314
-18.75	36.25	3065	1314
-18.25	35.75	3065	1314
-18.25	35.25	3065	1314
-20.25	33.25	3065	1314
-20.25	32.25	3065	1314
-20.75	32.25	3065	1314
-21.25	32.75	3065	1314
-21.75	32.75	3065	1314
-21.75	31.75	3065	1314
-22.25	31.25	3065	1314
-23.25	31.25	3065	1314
-23.75	30.75	3065	1314
-24.75	30.75	3065	1314
-25.25	30.25	3065	1314
-25.25	29.75	3065	1314
-24.25	28.75	3065	1314
-24.25	28.25	3065	1314
-24.75	27.75	3065	1314
-24.75	27.25	3065	1314
-24.25	26.75	3065	1314
-24.25	26.25	3065	1314
-25.25	26.25	3065	1314
-25.75	25.75	3065	1314
-25.75	25.25	3065	1314
-23.75	25.25	3065	1314
-23.75	24.25	3065	1314
-23.25	24.25	3065	1314
-22.25	25.25	3065	1314
-21.75	25.25	3065	1314
-21.25	24.75	3065	1314
-20.25	24.75	3065	1314
-20.25	24.25	3065	1314
-20.75	23.75	3065	1314
-20.75	22.75	3065	1314
-21.25	22.25	3065	1314
-21.75	22.25	3065	1314
-22.25	22.75	3065	1314
-22.75	22.75	3065	1314
-22.75	21.75	3065	1314
-23.75	21.75	3065	1314
-25.25	20.25	3065	1314
-25.25	19.25	3065	1314
-28.25	16.25	3065	1314
-29.75	16.25	3065	1314
-30.25	16.75	3065	1314
-30.25	18.25	3065	1314
-29.75	18.75	3065	1314
-29.75	19.25	3065	1314
-30.25	19.75	3065	1314
-30.25	20.25	3065	1314
-29.75	20.75	3065	1314
-29.75	21.25	3065	1314
-30.25	21.75	3065	1314
-30.75	21.75	3065	1314
-31.25	21.25	3065	1314
-31.75	21.25	3065	1314
-32.75	22.25	3065	1314
-33.25	22.25	3065	1314
-33.75	21.75	3065	1314
-34.75	21.75	3065	1314
-35.75	20.75	3065	1314
-36.25	20.75	3065	1314
-37.25	21.75	3065	1314
-37.75	21.75	3065	1314
-37.75	21.25	3065	1314
-37.25	20.75	3065	1314
-37.25	20.25	3065	1314
-37.75	20.25	3065	1314
-39.75	22.25	3065	1314
-39.75	23.25	3065	1314
-41.25	23.25	3065	1314
-41.75	22.75	3065	1314
-41.75	22.25	3065	1314
-40.75	22.25	3065	1314
-40.25	21.75	3065	1314
-40.25	21.25	3065	1314
-41.25	20.25	3065	1314
-41.75	20.25	3065	1314
-43.75	22.25	3065	1314
-44.25	22.25	3065	1314
-44.25	21.75	3065	1314
-42.25	19.75	3065	1314
-42.25	19.25	3065	1314
-42.75	19.25	3065	1314
-43.25	19.75	3065	1314
-44.25	19.75	3065	1314
-44.75	20.25	3065	1314
-44.75	32.75	3065	1314
-43.75	33.75	3065	1314
-43.25	33.75	3065	1314
-43.25	28.25	3065	1314
-43.75	27.75	3065	1314
-43.75	27.25	3065	1314
-43.25	27.25	3065	1314
-42.75	27.75	3065	1314
-41.75	27.75	3065	1314
-41.25	28.25	3065	1314
-40.25	28.25	3065	1314
-39.75	28.75	3065	1314
-39.25	28.75	3065	1314
-39.25	28.25	3065	1314
-39.75	27.75	3065	1314
-39.75	26.75	3065	1314
-40.25	26.25	3065	1314
-40.75	26.25	3065	1314
-40.75	27.25	3065	1314
-41.25	27.25	3065	1314
-41.75	26.75	3065	1314
-42.75	26.75	3065	1314
-42.75	25.25	3065	1314
-42.25	25.25	3065	1314
-41.75	25.75	3065	1314
-41.25	25.75	3065	1314
-41.25	24.75	3065	1314
-40.75	24.75	3065	1314
-39.75	25.75	3065	1314
-38.75	25.75	3065	1314
-38.75	27.75	3065	1314
-38.25	28.25	3065	1314
-37.75	28.25	3065	1314
-37.75	27.25	3065	1314
-37.25	27.25	3065	1314
-36.75	27.75	3065	1314
-36.75	29.75	3065	1314
-35.75	30.75	3065	1314
-35.25	30.75	3065	1314
-35.25	29.25	3065	1314
-35.75	28.75	3065	1314
-35.75	28.25	3065	1314
-34.75	28.25	3065	1314
-34.75	25.75	3065	1314
-35.75	24.75	3065	1314
-36.75	24.75	3065	1314
-36.75	24.25	3065	1314
-36.25	23.75	3065	1314
-34.75	23.75	3065	1314
-34.25	24.25	3065	1314
-33.75	24.25	3065	1314
-33.75	23.25	3065	1314
-33.25	23.25	3065	1314
-32.25	24.25	3065	1314
-32.25	24.75	3065	1314
-33.75	26.25	3065	1314
-33.75	26.75	3065	1314
-32.75	26.75	3065	1314
-31.75	27.75	3065	1314
-30.75	27.75	3065	1314
-30.75	28.25	3065	1314
-31.25	28.75	3065	1314
-31.75	28.75	3065	1314
-32.25	28.25	3065	1314
-32.75	28.25	3065	1314
-32.75	28.75	3065	1314
-32.25	29.25	3065	1314
-32.25	29.75	3065	1314
-33.25	29.75	3065	1314
-33.25	30.75	3065	1314
-34.25	30.75	3065	1314
-34.75	31.25	3065	1314
-34.75	32.25	3065	1314
-35.25	32.75	3065	1314
-35.75	32.75	3065	1314
-35.75	31.75	3065	1314
-36.25	31.75	3065	1314
-36.75	32.25	3065	1314
-37.75	32.25	3065	1314
-38.25	32.75	3065	1314
-38.25	33.25	3065	1314
-37.25	33.25	3065	1314
-36.75	33.75	3065	1314
-36.75	34.75	3065	1314
-35.75	34.75	3065	1314
-35.75	35.75	3065	1314
-35.25	36.25	3065	1314
-35.25	37.75	3065	1314
-35.75	37.75	3065	1314
-36.25	37.25	3065	1314
-36.75	37.25	3065	1314
-37.75	38.25	3065	1314
-37.75	38.75	3065	1314
-37.25	39.25	3065	1314
-37.25	40.25	3065	1314
-34.75	40.25	3065	1314
-34.75	39.25	3065	1314
-34.25	39.25	3065	1314
-33.75	39.75	3065	1314
-33.75	40.25	3065	1314
-34.25	40.75	3065	1314
-34.25	41.25	3065	1314
-33.25	42.25	3065	1314
-32.75	42.25	3065	1314
-32.75	41.75	3065	1314
-33.25	41.25	3065	1314
-33.25	40.75	3065	1314
-32.75	40.75	3065	1314
-31.75	41.75	3065	1314
-31.75	42.25	3065	1314
-32.25	42.75	3065	1314
-32.25	43.25	3065	1314
-31.75	43.75	3065	1314
-31.75	44.75	3065	1314
-30.75	44.75	3065	1314
-30.75	45.25	3065	1314
-31.25	45.75	3065	1314
-31.25	47.75	3065	1314
-31.75	47.75	3065	1314
-32.25	47.25	3065	1314
-32.75	47.25	3065	1314
-32.75	48.25	3065	1314
-44.25	21.75	9255	2307
-44.25	22.25	9255	2307
-43.75	22.25	9255	2307
-39.75	18.25	9255	2307
-38.75	18.25	9255	2307
-38.25	17.75	9255	2307
-36.75	17.75	9255	2307
-35.75	18.75	9255	2307
-34.25	18.75	9255	2307
-34.25	18.25	9255	2307
-34.75	17.75	9255	2307
-34.75	17.25	9255	2307
-34.25	16.75	9255	2307
-33.75	16.75	9255	2307
-33.75	17.75	9255	2307
-32.75	17.75	9255	2307
-30.75	19.75	9255	2307
-30.25	19.75	9255	2307
-30.25	19.25	9255	2307
-31.25	18.25	9255	2307
-31.25	17.25	9255	2307
-32.25	17.25	9255	2307
-32.25	16.75	9255	2307
-31.25	15.75	9255	2307
-31.25	15.25	9255	2307
-31.75	15.25	9255	2307
-32.75	16.25	9255	2307
-33.25	16.25	9255	2307
-34.25	15.25	9255	2307
-34.25	14.75	9255	2307
-32.25	12.75	9255	2307
-32.25	12.25	9255	2307
-32.75	11.75	9255	2307
-32.75	11.25	9255	2307
-32.25	11.25	9255	2307
-31.75	11.75	9255	2307
-31.25	11.75	9255	2307
-31.25	10.75	9255	2307
-29.75	10.75	9255	2307
-29.75	11.25	9255	2307
-30.25	11.75	9255	2307
-30.25	12.25	9255	2307
-29.75	12.75	9255	2307
-29.25	12.75	9255	2307
-28.75	12.25	9255	2307
-27.25	12.25	9255	2307
-27.25	13.25	9255	2307
-26.25	14.25	9255	2307
-26.25	14.75	9255	2307
-26.75	14.75	9255	2307
-27.75	13.75	9255	2307
-28.25	13.75	9255	2307
-28.25	14.25	9255	2307
-27.75	14.75	9255	2307
-27.75	15.25	9255	2307
-28.75	15.25	9255	2307
-29.25	15.75	9255	2307
-29.25	16.25	9255	2307
-28.25	16.25	9255	2307
-25.25	19.25	9255	2307
-25.25	20.25	9255	2307
-23.75	21.75	9255	2307
-22.75	21.75	9255	2307
-22.75	22.75	9255	2307
-22.25	22.75	9255	2307
-21.75	22.25	9255	2307
-21.75	21.75	9255	2307
-22.25	21.25	9255	2307
-22.25	20.75	9255	2307
-20.75	19.25	9255	2307
-20.75	18.75	9255	2307
-21.25	18.75	9255	2307
-21.75	19.25	9255	2307
-22.25	19.25	9255	2307
-22.75	18.75	9255	2307
-23.75	18.75	9255	2307
-23.75	17.75	9255	2307
-24.25	17.25	9255	2307
-25.25	17.25	9255	2307
-25.25	16.75	9255	2307
-24.75	16.25	9255	2307
-24.75	14.75	9255	2307
-26.25	13.25	9255	2307
-26.25	12.75	9255	2307
-25.25	12.75	9255	2307
-25.25	12.25	9255	2307
-25.75	11.75	9255	2307
-25.75	11.25	9255	2307
-25.25	10.75	9255	2307
-25.25	9.75	9255	2307
-24.75	9.75	9255	2307
-23.75	10.75	9255	2307
-23.25	10.75	9255	2307
-22.75	10.25	9255	2307
-22.25	10.25	9255	2307
-22.25	10.75	9255	2307
-22.75	11.25	9255	2307
-22.75	11.75	9255	2307
-22.25	12.25	9255	2307
-21.75	12.25	9255	2307
-21.25	11.75	9255	2307
-20.75	11.75	9255	2307
-20.25	12.25	9255	2307
-19.25	12.25	9255	2307
-18.25	13.25	9255	2307
-17.25	13.25	9255	2307
-17.25	14.25	9255	2307
-16.75	14.75	9255	2307
-15.75	14.75	9255	2307
-15.75	15.75	9255	2307
-15.25	15.75	9255	2307
-14.25	14.75	9255	2307
-14.25	14.25	9255	2307
-20.75	7.75	9255	2307
-20.75	7.25	9255	2307
-20.25	7.25	9255	2307
-14.25	13.25	9255	2307
-13.75	13.25	9255	2307
-13.75	12.25	9255	2307
-13.25	11.75	9255	2307
-12.25	11.75	9255	2307
-12.25	10.75	9255	2307
-11.75	10.25	9255	2307
-11.75	9.25	9255	2307
-11.25	8.75	9255	2307
-10.75	8.75	9255	2307
-10.25	9.25	9255	2307
-9.75	9.25	9255	2307
-9.75	8.25	9255	2307
-9.25	7.75	9255	2307
-9.25	7.25	9255	2307
-9.75	6.75	9255	2307
-10.25	6.75	9255	2307
-11.75	8.25	9255	2307
-12.75	8.25	9255	2307
-12.75	9.25	9255	2307
-13.25	9.75	9255	2307
-13.75	9.75	9255	2307
-13.75	8.25	9255	2307
-13.25	7.75	9255	2307
-13.25	7.25	9255	2307
-14.25	7.25	9255	2307
-16.75	4.75	9255	2307
-17.25	4.75	9255	2307
-17.75	5.25	9255	2307
-18.75	5.25	9255	2307
-19.25	5.75	9255	2307
-19.25	6.75	9255	2307
-19.75	6.75	9255	2307
-21.75	4.75	9255	2307
-22.25	4.75	9255	2307
-22.25	5.25	9255	2307
-21.25	6.25	9255	2307
-21.25	6.75	9255	2307
-22.25	6.75	9255	2307
-22.75	7.25	9255	2307
-22.75	8.25	9255	2307
-23.25	8.75	9255	2307
-23.75	8.75	9255	2307
-23.75	7.75	9255	2307
-24.25	7.25	9255	2307
-24.25	6.75	9255	2307
-23.25	6.75	9255	2307
-22.75	6.25	9255	2307
-22.75	5.75	9255	2307
-25.25	3.25	9255	2307
-26.25	3.25	9255	2307
-26.25	2.75	9255	2307
-25.75	2.25	9255	2307
-25.25	2.25	9255	2307
-24.25	3.25	9255	2307
-23.75	3.25	9255	2307
-23.75	2.25	9255	2307
-21.75	0.25	9255	2307
-21.75	-1.25	9255	2307
-28.25	-1.25	9255	2307
-28.25	-0.75	9255	2307
-26.25	1.25	9255	2307
-26.25	1.75	9255	2307
-28.25	1.75	9255	2307
-28.75	2.25	9255	2307
-28.75	2.75	9255	2307
-27.75	2.75	9255	2307
-26.75	3.75	9255	2307
-26.75	4.25	9255	2307
-31.75	9.25	9255	2307
-33.25	9.25	9255	2307
-33.75	8.75	9255	2307
-34.75	8.75	9255	2307
-34.75	7.75	9255	2307
-35.75	6.75	9255	2307
-35.75	5.75	9255	2307
-36.25	5.25	9255	2307
-36.75	5.25	9255	2307
-36.75	6.25	9255	2307
-37.25	6.75	9255	2307
-37.25	7.25	9255	2307
-34.75	9.75	9255	2307
-34.75	10.75	9255	2307
-34.25	11.25	9255	2307
-34.25	11.75	9255	2307
-44.25	21.75	9255	2307
-21.25	-0.75	9256	2307
-21.25	-1.25	9256	2307
-20.75	-1.25	9256	2307
-20.75	-0.75	9256	2307
-21.25	-0.75	9256	2307
-16.25	48.75	26564	5259
-16.25	49.25	26564	5259
-12.75	49.25	26564	5259
-12.75	47.25	26564	5259
-12.25	46.75	26564	5259
-11.25	46.75	26564	5259
-10.75	46.25	26564	5259
-10.75	45.75	26564	5259
-12.25	44.25	26564	5259
-12.75	44.25	26564	5259
-13.75	45.25	26564	5259
-13.75	45.75	26564	5259
-12.75	45.75	26564	5259
-12.75	46.25	26564	5259
-13.75	47.25	26564	5259
-14.25	47.25	26564	5259
-15.75	45.75	26564	5259
-16.25	45.75	26564	5259
-16.25	46.25	26564	5259
-15.75	46.75	26564	5259
-15.75	48.25	26564	5259
-16.25	48.75	26564	5259
-44.75	19.25	638	1090
-44.75	19.75	638	1090
-43.25	19.75	638	1090
-42.75	19.25	638	1090
-41.75	19.25	638	1090
-41.75	18.75	638	1090
-42.25	18.25	638	1090
-43.25	18.25	638	1090
-43.25	16.75	638	1090
-42.75	16.25	638	1090
-42.75	15.25	638	1090
-42.25	14.75	638	1090
-42.25	14.25	638	1090
-42.75	14.25	638	1090
-43.25	14.75	638	1090
-44.25	14.75	638	1090
-44.75	15.25	638	1090
-44.75	19.25	638	1090
-44.75	13.25	639	1090
-44.75	13.75	639	1090
-44.25	13.75	639	1090
-43.75	13.25	639	1090
-43.75	12.75	639	1090
-44.25	12.25	639	1090
-44.75	12.25	639	1090
-44.75	13.25	639	1090
-41.75	22.25	23316	4467
-41.75	22.75	23316	4467
-41.25	23.25	23316	4467
-39.75	23.25	23316	4467
-39.75	22.25	23316	4467
-37.75	20.25	23316	4467
-37.25	20.25	23316	4467
-37.25	20.75	23316	4467
-37.75	21.25	23316	4467
-37.75	21.75	23316	4467
-37.25	21.75	23316	4467
-36.25	20.75	23316	4467
-35.75	20.75	23316	4467
-34.75	21.75	23316	4467
-33.75	21.75	23316	4467
-33.25	22.25	23316	4467
-32.75	22.25	23316	4467
-31.75	21.25	23316	4467
-31.25	21.25	23316	4467
-30.75	21.75	23316	4467
-30.25	21.75	23316	4467
-29.75	21.25	23316	4467
-29.75	20.75	23316	4467
-32.75	17.75	23316	4467
-33.75	17.75	23316	4467
-33.75	16.75	23316	4467
-34.25	16.75	23316	4467
-34.75	17.25	23316	4467
-34.75	17.75	23316	4467
-34.25	18.25	23316	4467
-34.25	18.75	23316	4467
-35.75	18.75	23316	4467
-36.75	17.75	23316	4467
-38.25	17.75	23316	4467
-38.75	18.25	23316	4467
-39.75	18.25	23316	4467
-41.25	19.75	23316	4467
-41.25	20.25	23316	4467
-40.25	21.25	23316	4467
-40.25	21.75	23316	4467
-40.75	22.25	23316	4467
-41.75	22.25	23316	4467
-43.25	17.75	22175	4253
-43.25	18.25	22175	4253
-42.25	18.25	22175	4253
-41.75	18.75	22175	4253
-41.25	18.75	22175	4253
-34.25	11.75	22175	4253
-34.25	11.25	22175	4253
-34.75	10.75	22175	4253
-34.75	9.75	22175	4253
-36.75	7.75	22175	4253
-37.25	7.75	22175	4253
-37.75	8.25	22175	4253
-38.25	8.25	22175	4253
-38.25	6.25	22175	4253
-38.75	5.75	22175	4253
-39.25	5.75	22175	4253
-40.25	6.75	22175	4253
-40.75	6.75	22175	4253
-40.75	6.25	22175	4253
-40.25	5.75	22175	4253
-40.25	5.25	22175	4253
-41.25	5.25	22175	4253
-41.25	4.75	22175	4253
-40.75	4.25	22175	4253
-40.75	3.75	22175	4253
-41.25	3.75	22175	4253
-43.25	5.75	22175	4253
-43.25	6.25	22175	4253
-42.75	6.75	22175	4253
-42.75	7.25	22175	4253
-43.25	7.75	22175	4253
-43.75	7.75	22175	4253
-44.25	7.25	22175	4253
-44.75	7.25	22175	4253
-44.75	9.75	22175	4253
-44.25	10.25	22175	4253
-44.25	11.25	22175	4253
-43.25	12.25	22175	4253
-43.25	12.75	22175	4253
-44.75	14.25	22175	4253
-44.75	14.75	22175	4253
-43.25	14.75	22175	4253
-42.75	14.25	22175	4253
-42.25	14.25	22175	4253
-42.25	14.75	22175	4253
-42.75	15.25	22175	4253
-42.75	16.25	22175	4253
-43.25	16.75	22175	4253
-43.25	17.75	22175	4253
-44.75	4.25	22176	4253
-44.75	4.75	22176	4253
-44.25	5.25	22176	4253
-43.75	5.25	22176	4253
-42.75	4.25	22176	4253
-42.75	2.75	22176	4253
-43.25	2.25	22176	4253
-43.25	1.75	22176	4253
-42.75	1.25	22176	4253
-42.75	0.75	22176	4253
-43.25	0.75	22176	4253
-44.75	2.25	22176	4253
-44.75	4.25	22176	4253
-12.75	48.25	25600	4990
-12.75	48.75	25600	4990
-12.25	49.25	25600	4990
-2.75	49.25	25600	4990
-2.75	48.75	25600	4990
-3.75	47.75	25600	4990
-3.75	47.25	25600	4990
-3.25	47.25	25600	4990
-1.25	49.25	25600	4990
-0.75	49.25	25600	4990
-0.75	48.75	25600	4990
-1.75	47.75	25600	4990
-1.75	47.25	25600	4990
-1.25	47.25	25600	4990
-0.75	47.75	25600	4990
-0.25	47.75	25600	4990
0.25	47.25	25600	4990
0.25	46.75	25600	4990
-0.25	46.25	25600	4990
-0.25	45.25	25600	4990
-0.75	44.75	25600	4990
-1.25	44.75	25600	4990
-1.75	45.25	25600	4990
-2.25	45.25	25600	4990
-2.75	44.75	25600	4990
-2.75	43.75	25600	4990
-3.25	43.25	25600	4990
-3.25	41.75	25600	4990
-2.75	41.25	25600	4990
-2.75	40.75	25600	4990
-3.25	40.25	25600	4990
-3.25	39.25	25600	4990
-3.75	38.75	25600	4990
-5.25	38.75	25600	4990
-8.25	41.75	25600	4990
-8.25	42.25	25600	4990
-6.25	42.25	25600	4990
-6.25	43.25	25600	4990
-4.25	43.25	25600	4990
-4.25	43.75	25600	4990
-4.75	44.25	25600	4990
-4.75	44.75	25600	4990
-3.75	44.75	25600	4990
-3.75	45.25	25600	4990
-4.25	45.75	25600	4990
-5.75	45.75	25600	4990
-5.75	44.75	25600	4990
-7.25	44.75	25600	4990
-7.75	45.25	25600	4990
-8.75	45.25	25600	4990
-8.75	46.75	25600	4990
-7.75	46.75	25600	4990
-7.75	47.25	25600	4990
-8.75	48.25	25600	4990
-9.25	48.25	25600	4990
-9.25	47.25	25600	4990
-10.25	46.25	25600	4990
-10.75	46.25	25600	4990
-11.25	46.75	25600	4990
-12.25	46.75	25600	4990
-12.75	47.25	25600	4990
-12.75	48.25	25600	4990
0.75	48.75	25601	4990
0.75	49.25	25601	4990
2.25	49.25	25601	4990
2.25	48.75	25601	4990
1.75	48.25	25601	4990
1.25	48.25	25601	4990
0.75	48.75	25601	4990
-9.25	47.75	18994	3690
-9.25	48.25	18994	3690
-8.75	48.25	18994	3690
-7.75	47.25	18994	3690
-7.75	46.75	18994	3690
-8.75	46.75	18994	3690
-8.75	45.25	18994	3690
-7.75	45.25	18994	3690
-7.25	44.75	18994	3690
-5.75	44.75	18994	3690
-5.75	45.75	18994	3690
-4.25	45.75	18994	3690
-3.75	45.25	18994	3690
-3.75	44.75	18994	3690
-4.75	44.75	18994	3690
-4.75	44.25	18994	3690
-4.25	43.75	18994	3690
-4.25	43.25	18994	3690
-6.25	43.25	18994	3690
-6.25	42.25	18994	3690
-8.25	42.25	18994	3690
-8.25	41.75	18994	3690
-5.25	38.75	18994	3690
-3.75	38.75	18994	3690
-3.25	39.25	18994	3690
-3.25	40.25	18994	3690
-2.75	40.75	18994	3690
-2.75	41.25	18994	3690
-3.25	41.75	18994	3690
-3.25	43.25	18994	3690
-2.75	43.75	18994	3690
-2.75	44.75	18994	3690
-2.25	45.25	18994	3690
-1.75	45.25	18994	3690
-1.25	44.75	18994	3690
-0.75	44.75	18994	3690
-0.25	45.25	18994	3690
-0.25	46.25	18994	3690
0.25	46.75	18994	3690
0.25	47.25	18994	3690
-0.25	47.75	18994	3690
-0.75	47.75	18994	3690
-1.25	47.25	18994	3690
-1.75	47.25	18994	3690
-1.75	47.75	18994	3690
-0.25	49.25	18994	3690
0.25	49.25	18994	3690
1.25	48.25	18994	3690
1.75	48.25	18994	3690
2.75	49.25	18994	3690
4.25	49.25	18994	3690
4.75	48.75	18994	3690
4.75	33.25	18994	3690
2.75	31.25	18994	3690
2.25	31.25	18994	3690
-0.75	34.25	18994	3690
-1.75	34.25	18994	3690
-1.75	35.25	18994	3690
-2.25	35.75	18994	3690
-2.75	35.75	18994	3690
-3.25	35.25	18994	3690
-3.25	34.25	18994	3690
-3.75	34.25	18994	3690
-4.25	34.75	18994	3690
-4.25	35.75	18994	3690
-5.25	35.75	18994	3690
-5.25	36.75	18994	3690
-6.25	36.75	18994	3690
-6.75	37.25	18994	3690
-8.75	37.25	18994	3690
-10.25	38.75	18994	3690
-10.25	39.25	18994	3690
-9.75	39.75	18994	3690
-9.75	40.25	18994	3690
-10.75	40.25	18994	3690
-11.25	40.75	18994	3690
-12.25	40.75	18994	3690
-13.25	41.75	18994	3690
-13.25	42.25	18994	3690
-12.25	43.25	18994	3690
-11.75	43.25	18994	3690
-11.75	42.25	18994	3690
-11.25	41.75	18994	3690
-10.75	41.75	18994	3690
-10.25	42.25	18994	3690
-10.25	42.75	18994	3690
-11.25	43.75	18994	3690
-11.25	44.25	18994	3690
-10.75	44.25	18994	3690
-9.25	42.75	18994	3690
-8.75	42.75	18994	3690
-8.25	43.25	18994	3690
-7.25	43.25	18994	3690
-7.25	43.75	18994	3690
-7.75	44.25	18994	3690
-8.25	44.25	18994	3690
-8.75	43.75	18994	3690
-9.25	43.75	18994	3690
-10.25	44.75	18994	3690
-10.25	46.25	18994	3690
-9.25	47.25	18994	3690
-9.25	47.75	18994	3690
-3.75	47.25	18995	3690
-3.75	47.75	18995	3690
-2.25	49.25	18995	3690
-1.75	49.25	18995	3690
-1.75	48.75	18995	3690
-3.25	47.25	18995	3690
-3.75	47.25	18995	3690
-44.75	11.25	17386	339
-44.75	11.75	17386	339
-43.75	12.75	17386	339
-43.25	12.75	17386	339
-43.25	12.25	17386	339
-44.25	11.25	17386	339
-44.25	10.25	17386	339
-44.75	10.25	17386	339
-44.75	11.25	17386	339
-25.25	29.75	26079	510
-25.25	30.25	26079	510
-24.75	30.75	26079	510
-23.75	30.75	26079	510
-23.25	31.25	26079	510
-22.25	31.25	26079	510
-21.75	31.75	26079	510
-21.75	32.75	26079	510
-21.25	32.75	26079	510
-20.75	32.25	26079	510
-20.25	32.25	26079	510
-20.25	33.25	26079	510
-18.25	35.25	26079	510
-18.25	35.75	26079	510
-18.75	36.25	26079	510
-18.75	36.75	26079	510
-17.75	36.75	26079	510
-17.75	37.75	26079	510
-16.75	37.75	26079	510
-16.25	38.25	26079	510
-15.75	38.25	26079	510
-13.75	36.25	26079	510
-13.25	36.25	26079	510
-13.25	36.75	26079	510
-14.75	38.25	26079	510
-14.75	38.75	26079	510
-14.25	39.25	26079	510
-14.25	40.25	26079	510
-13.75	40.75	26079	510
-13.75	41.75	26079	510
-13.25	41.75	26079	510
-12.25	40.75	26079	510
-11.25	40.75	26079	510
-10.75	40.25	26079	510
-9.75	40.25	26079	510
-9.75	39.75	26079	510
-10.25	39.25	26079	510
-10.25	38.75	26079	510
-8.75	37.25	26079	510
-6.75	37.25	26079	510
-6.25	36.75	26079	510
-5.25	36.75	26079	510
-5.25	35.75	26079	510
-4.25	35.75	26079	510
-4.25	34.75	26079	510
-3.75	34.25	26079	510
-3.25	34.25	26079	510
-3.25	35.25	26079	510
-2.75	35.75	26079	510
-2.25	35.75	26079	510
-1.75	35.25	26079	510
-1.75	34.25	26079	510
0.25	32.25	26079	510
0.25	30.75	26079	510
-0.25	30.25	26079	510
-0.25	28.25	26079	510
-1.25	27.25	26079	510
-1.75	27.25	26079	510
-6.75	32.25	26079	510
-7.25	32.25	26079	510
-7.25	31.75	26079	510
-2.75	27.25	26079	510
-2.75	26.75	26079	510
-3.25	26.75	26079	510
-7.75	31.25	26079	510
-8.25	31.25	26079	510
-8.25	30.75	26079	510
-4.75	27.25	26079	510
-4.75	26.75	26079	510
-5.25	26.25	26079	510
-5.75	26.25	26079	510
-5.75	27.25	26079	510
-6.25	27.25	26079	510
-6.75	26.75	26079	510
-6.75	26.25	26079	510
-6.25	25.75	26079	510
-6.25	25.25	26079	510
-6.75	24.75	26079	510
-7.75	24.75	26079	510
-7.75	24.25	26079	510
-7.25	23.75	26079	510
-6.25	23.75	26079	510
-6.25	22.75	26079	510
-0.75	17.25	26079	510
-0.75	16.25	26079	510
0.25	16.25	26079	510
0.25	15.75	26079	510
-0.25	15.25	26079	510
-0.25	14.25	26079	510
-1.75	14.25	26079	510
-3.75	16.25	26079	510
-3.75	16.75	26079	510
-3.25	17.25	26079	510
-3.25	17.75	26079	510
-4.25	17.75	26079	510
-4.75	18.25	26079	510
-8.25	18.25	26079	510
-9.75	16.75	26079	510
-9.75	16.25	26079	510
-8.75	16.25	26079	510
-8.75	15.75	26079	510
-9.25	15.25	26079	510
-9.75	15.25	26079	510
-10.25	15.75	26079	510
-11.25	15.75	26079	510
-11.25	16.25	26079	510
-7.75	19.75	26079	510
-7.75	20.25	26079	510
-8.25	20.25	26079	510
-9.75	18.75	26079	510
-11.25	18.75	26079	510
-11.75	19.25	26079	510
-12.25	19.25	26079	510
-12.25	18.75	26079	510
-11.25	17.75	26079	510
-11.25	17.25	26079	510
-13.75	14.75	26079	510
-14.25	14.75	26079	510
-15.25	15.75	26079	510
-15.75	15.75	26079	510
-15.75	14.75	26079	510
-16.75	14.75	26079	510
-17.25	14.25	26079	510
-17.25	13.25	26079	510
-18.25	13.25	26079	510
-19.25	12.25	26079	510
-20.25	12.25	26079	510
-20.75	11.75	26079	510
-21.25	11.75	26079	510
-21.75	12.25	26079	510
-22.25	12.25	26079	510
-22.75	11.75	26079	510
-22.75	11.25	26079	510
-22.25	10.75	26079	510
-22.25	10.25	26079	510
-22.75	10.25	26079	510
-23.25	10.75	26079	510
-23.75	10.75	26079	510
-24.75	9.75	26079	510
-25.25	9.75	26079	510
-25.25	10.75	26079	510
-25.75	11.25	26079	510
-25.75	11.75	26079	510
-25.25	12.25	26079	510
-25.25	12.75	26079	510
-26.25	12.75	26079	510
-26.25	13.25	26079	510
-24.75	14.75	26079	510
-24.75	16.25	26079	510
-25.25	16.75	26079	510
-25.25	17.25	26079	510
-24.25	17.25	26079	510
-23.75	17.75	26079	510
-23.75	18.75	26079	510
-22.75	18.75	26079	510
-22.25	19.25	26079	510
-21.75	19.25	26079	510
-21.25	18.75	26079	510
-20.75	18.75	26079	510
-20.75	19.25	26079	510
-22.25	20.75	26079	510
-22.25	21.25	26079	510
-20.75	22.75	26079	510
-20.75	23.75	26079	510
-20.25	24.25	26079	510
-20.25	24.75	26079	510
-21.25	24.75	26079	510
-21.75	25.25	26079	510
-22.25	25.25	26079	510
-23.25	24.25	26079	510
-23.75	24.25	26079	510
-23.75	25.25	26079	510
-25.75	25.25	26079	510
-25.75	25.75	26079	510
-25.25	26.25	26079	510
-24.25	26.25	26079	510
-24.25	26.75	26079	510
-24.75	27.25	26079	510
-24.75	27.75	26079	510
-24.25	28.25	26079	510
-24.25	28.75	26079	510
-25.25	29.75	26079	510
-44.75	6.25	15189	31
-44.75	6.75	15189	31
-43.75	7.75	15189	31
-43.25	7.75	15189	31
-42.75	7.25	15189	31
-42.75	6.75	15189	31
-43.25	6.25	15189	31
-43.25	5.75	15189	31
-41.25	3.75	15189	31
-40.75	3.75	15189	31
-40.75	4.25	15189	31
-41.25	4.75	15189	31
-41.25	5.25	15189	31
-40.25	5.25	15189	31
-40.25	5.75	15189	31
-40.75	6.25	15189	31
-40.75	6.75	15189	31
-40.25	6.75	15189	31
-39.25	5.75	15189	31
-38.75	5.75	15189	31
-38.25	6.25	15189	31
-38.25	8.25	15189	31
-37.75	8.25	15189	31
-37.25	7.75	15189	31
-37.25	6.25	15189	31
-37.75	5.75	15189	31
-37.75	5.25	15189	31
-37.25	4.75	15189	31
-37.25	4.25	15189	31
-38.25	3.25	15189	31
-38.25	2.75	15189	31
-37.75	2.25	15189	31
-37.75	1.75	15189	31
-38.75	0.75	15189	31
-39.25	0.75	15189	31
-39.75	1.25	15189	31
-41.25	1.25	15189	31
-41.25	0.75	15189	31
-39.75	-0.75	15189	31
-39.75	-1.25	15189	31
-44.25	-1.25	15189	31
-44.75	-0.75	15189	31
-44.75	1.75	15189	31
-44.25	1.75	15189	31
-43.25	0.75	15189	31
-42.75	0.75	15189	31
-42.75	1.25	15189	31
-43.25	1.75	15189	31
-43.25	2.25	15189	31
-42.75	2.75	15189	31
-42.75	4.25	15189	31
-43.75	5.25	15189	31
-44.75	5.25	15189	31
-44.75	6.25	15189	31
-34.25	14.75	23315	4466
-34.25	15.25	23315	4466
-33.25	16.25	23315	4466
-32.75	16.25	23315	4466
-31.75	15.25	23315	4466
-31.25	15.25	23315	4466
-31.25	15.75	23315	4466
-32.25	16.75	23315	4466
-32.25	17.25	23315	4466
-31.25	17.25	23315	4466
-31.25	18.25	23315	4466
-30.25	19.25	23315	4466
-29.75	19.25	23315	4466
-29.75	18.75	23315	4466
-30.25	18.25	23315	4466
-30.25	16.75	23315	4466
-28.75	15.25	23315	4466
-27.75	15.25	23315	4466
-27.75	14.75	23315	4466
-28.25	14.25	23315	4466
-28.25	13.75	23315	4466
-27.75	13.75	23315	4466
-26.75	14.75	23315	4466
-26.25	14.75	23315	4466
-26.25	14.25	23315	4466
-27.25	13.25	23315	4466
-27.25	12.25	23315	4466
-28.75	12.25	23315	4466
-29.25	12.75	23315	4466
-29.75	12.75	23315	4466
-30.25	12.25	23315	4466
-30.25	11.75	23315	4466
-29.75	11.25	23315	4466
-29.75	10.75	23315	4466
-31.25	10.75	23315	4466
-31.25	11.75	23315	4466
-31.75	11.75	23315	4466
-32.25	11.25	23315	4466
-32.75	11.25	23315	4466
-32.75	11.75	23315	4466
-32.25	12.25	23315	4466
-32.25	12.75	23315	4466
-34.25	14.75	23315	4466
-37.75	5.25	22171	4252
-37.75	5.75	22171	4252
-37.25	6.25	22171	4252
-36.75	6.25	22171	4252
-36.75	5.25	22171	4252
-36.25	5.25	22171	4252
-35.75	5.75	22171	4252
-35.75	6.75	22171	4252
-34.75	7.75	22171	4252
-34.75	8.75	22171	4252
-33.75	8.75	22171	4252
-33.25	9.25	22171	4252
-31.75	9.25	22171	4252
-26.75	4.25	22171	4252
-26.75	3.75	22171	4252
-27.75	2.75	22171	4252
-28.75	2.75	22171	4252
-28.75	2.25	22171	4252
-28.25	1.75	22171	4252
-26.25	1.75	22171	4252
-26.25	1.25	22171	4252
-28.75	-1.25	22171	4252
-39.25	-1.25	22171	4252
-41.25	0.75	22171	4252
-41.25	1.25	22171	4252
-39.75	1.25	22171	4252
-39.25	0.75	22171	4252
-38.75	0.75	22171	4252
-37.75	1.75	22171	4252
-37.75	2.25	22171	4252
-38.25	2.75	22171	4252
-38.25	3.25	22171	4252
-37.25	4.25	22171	4252
-37.25	4.75	22171	4252
-37.75	5.25	22171	4252
-8.25	30.75	11273	2682
-8.25	31.25	11273	2682
-7.75	31.25	11273	2682
-3.25	26.75	11273	2682
-2.75	26.75	11273	2682
-2.75	27.25	11273	2682
-7.25	31.75	11273	2682
-7.25	32.25	11273	2682
-6.75	32.25	11273	2682
-1.75	27.25	11273	2682
-1.25	27.25	11273	2682
-0.25	28.25	11273	2682
-0.25	30.25	11273	2682
0.25	30.75	11273	2682
0.25	32.25	11273	2682
-1.25	33.75	11273	2682
-1.25	34.25	11273	2682
-0.75	34.25	11273	2682
2.25	31.25	11273	2682
2.75	31.25	11273	2682
4.25	32.75	11273	2682
4.75	32.75	11273	2682
4.75	22.25	11273	2682
4.25	21.75	11273	2682
3.75	21.75	11273	2682
3.25	22.25	11273	2682
2.75	22.25	11273	2682
2.75	21.75	11273	2682
3.25	21.25	11273	2682
3.25	20.75	11273	2682
2.75	20.75	11273	2682
2.25	21.25	11273	2682
1.75	21.25	11273	2682
1.25	20.75	11273	2682
1.25	20.25	11273	2682
2.25	20.25	11273	2682
2.25	19.75	11273	2682
1.75	19.25	11273	2682
0.75	19.25	11273	2682
0.75	18.25	11273	2682
-0.25	18.25	11273	2682
-0.25	17.75	11273	2682
0.75	16.75	11273	2682
0.75	16.25	11273	2682
-0.75	16.25	11273	2682
-0.75	17.25	11273	2682
-6.25	22.75	11273	2682
-6.25	23.75	11273	2682
-7.25	23.75	11273	2682
-7.75	24.25	11273	2682
-7.75	24.75	11273	2682
-6.75	24.75	11273	2682
-6.25	25.25	11273	2682
-6.25	25.75	11273	2682
-6.75	26.25	11273	2682
-6.75	26.75	11273	2682
-6.25	27.25	11273	2682
-5.75	27.25	11273	2682
-5.75	26.25	11273	2682
-5.25	26.25	11273	2682
-4.75	26.75	11273	2682
-4.75	27.25	11273	2682
-8.25	30.75	11273	2682
4.25	19.25	11275	2682
4.25	19.75	11275	2682
4.75	19.75	11275	2682
4.75	19.25	11275	2682
4.25	19.25	11275	2682
-23.75	8.25	23589	4551
-23.75	8.75	23589	4551
-23.25	8.75	23589	4551
-22.75	8.25	23589	4551
-22.75	7.25	23589	4551
-22.25	6.75	23589	4551
-21.25	6.75	23589	4551
-21.25	6.25	23589	4551
-22.25	5.25	23589	4551
-22.25	4.75	23589	4551
-21.75	4.75	23589	4551
-19.75	6.75	23589	4551
-19.25	6.75	23589	4551
-19.25	5.75	23589	4551
-18.75	5.25	23589	4551
-17.75	5.25	23589	4551
-17.25	4.75	23589	4551
-16.75	4.75	23589	4551
-14.25	7.25	23589	4551
-13.75	7.25	23589	4551
-13.75	5.75	23589	4551
-14.75	5.75	23589	4551
-14.75	5.25	23589	4551
-14.25	4.75	23589	4551
-14.25	4.25	23589	4551
-15.25	4.25	23589	4551
-15.25	3.75	23589	4551
-13.75	2.25	23589	4551
-13.25	2.25	23589	4551
-12.75	2.75	23589	4551
-12.75	3.75	23589	4551
-12.25	4.25	23589	4551
-12.25	5.25	23589	4551
-11.25	5.25	23589	4551
-11.25	5.75	23589	4551
-11.75	6.25	23589	4551
-12.75	6.25	23589	4551
-13.25	6.75	23589	4551
-13.25	7.75	23589	4551
-13.75	8.25	23589	4551
-13.75	9.75	23589	4551
-13.25	9.75	23589	4551
-12.75	9.25	23589	4551
-12.75	8.25	23589	4551
-11.75	8.25	23589	4551
-10.25	6.75	23589	4551
-9.75	6.75	23589	4551
-9.25	7.25	23589	4551
-9.25	7.75	23589	4551
-9.75	8.25	23589	4551
-9.75	9.25	23589	4551
-10.25	9.25	23589	4551
-10.75	8.75	23589	4551
-11.25	8.75	23589	4551
-11.75	9.25	23589	4551
-11.75	10.25	23589	4551
-12.25	10.75	23589	4551
-12.25	11.75	23589	4551
-13.25	11.75	23589	4551
-13.75	12.25	23589	4551
-13.75	13.75	23589	4551
-12.75	14.75	23589	4551
-12.25	14.75	23589	4551
-12.25	14.25	23589	4551
-12.75	13.75	23589	4551
-12.75	13.25	23589	4551
-11.75	13.25	23589	4551
-11.25	12.75	23589	4551
-11.25	11.75	23589	4551
-10.25	11.75	23589	4551
-9.75	11.25	23589	4551
-9.25	11.25	23589	4551
-8.25	12.25	23589	4551
-7.75	12.25	23589	4551
-7.25	11.75	23589	4551
-7.25	10.25	23589	4551
-7.75	9.75	23589	4551
-7.75	9.25	23589	4551
-7.25	8.75	23589	4551
-7.25	7.75	23589	4551
-6.25	6.75	23589	4551
-5.25	6.75	23589	4551
-3.75	5.25	23589	4551
-3.75	3.25	23589	4551
-2.75	3.25	23589	4551
-2.25	2.75	23589	4551
-2.25	2.25	23589	4551
-3.25	2.25	23589	4551
-3.25	1.75	23589	4551
-2.75	1.25	23589	4551
-2.75	0.75	23589	4551
-3.25	0.25	23589	4551
-3.75	0.25	23589	4551
-3.75	1.25	23589	4551
-4.25	1.25	23589	4551
-5.25	0.25	23589	4551
-5.25	-0.25	23589	4551
-4.75	-0.75	23589	4551
-4.75	-1.25	23589	4551
-12.25	-1.25	23589	4551
-12.75	-0.75	23589	4551
-12.75	-0.25	23589	4551
-12.25	0.25	23589	4551
-12.25	0.75	23589	4551
-12.75	0.75	23589	4551
-13.75	-0.25	23589	4551
-14.25	-0.25	23589	4551
-15.75	1.25	23589	4551
-16.25	1.25	23589	4551
-16.25	0.75	23589	4551
-15.75	0.25	23589	4551
-15.75	-1.25	23589	4551
-20.25	-1.25	23589	4551
-20.75	-0.75	23589	4551
-21.75	-0.75	23589	4551
-21.75	0.25	23589	4551
-23.75	2.25	23589	4551
-23.75	3.25	23589	4551
-24.25	3.25	23589	4551
-25.25	2.25	23589	4551
-25.75	2.25	23589	4551
-26.25	2.75	23589	4551
-26.25	3.25	23589	4551
-25.25	3.25	23589	4551
-22.75	5.75	23589	4551
-22.75	6.25	23589	4551
-23.25	6.75	23589	4551
-24.25	6.75	23589	4551
-24.25	7.25	23589	4551
-23.75	7.75	23589	4551
-23.75	8.25	23589	4551
-2.75	-0.75	23590	4551
-2.75	-0.25	23590	4551
-1.25	1.25	23590	4551
-0.75	1.25	23590	4551
-0.75	0.75	23590	4551
-1.25	0.25	23590	4551
-1.25	-0.25	23590	4551
-0.25	-0.25	23590	4551
-0.25	-0.75	23590	4551
-0.75	-1.25	23590	4551
-2.25	-1.25	23590	4551
-2.75	-0.75	23590	4551
-12.25	18.75	8269	2122
-12.25	19.25	8269	2122
-11.75	19.25	8269	2122
-11.25	18.75	8269	2122
-9.75	18.75	8269	2122
-8.25	20.25	8269	2122
-7.75	20.25	8269	2122
-7.75	19.75	8269	2122
-11.25	16.25	8269	2122
-11.25	15.75	8269	2122
-10.25	15.75	8269	2122
-9.75	15.25	8269	2122
-9.25	15.25	8269	2122
-8.75	15.75	8269	2122
-8.75	16.25	8269	2122
-9.75	16.25	8269	2122
-9.75	16.75	8269	2122
-8.25	18.25	8269	2122
-4.75	18.25	8269	2122
-4.25	17.75	8269	2122
-3.25	17.75	8269	2122
-3.25	17.25	8269	2122
-3.75	16.75	8269	2122
-3.75	16.25	8269	2122
-1.75	14.25	8269	2122
-0.75	14.25	8269	2122
-0.75	13.25	8269	2122
-0.25	12.75	8269	2122
0.25	12.75	8269	2122
0.25	13.75	8269	2122
0.75	13.75	8269	2122
1.75	12.75	8269	2122
1.75	12.25	8269	2122
0.75	12.25	8269	2122
0.75	11.75	8269	2122
1.75	10.75	8269	2122
1.75	9.75	8269	2122
2.25	9.25	8269	2122
2.25	8.25	8269	2122
3.25	8.25	8269	2122
3.75	7.75	8269	2122
3.75	6.75	8269	2122
4.75	5.75	8269	2122
4.75	5.25	8269	2122
3.75	4.25	8269	2122
2.75	4.25	8269	2122
2.25	3.75	8269	2122
2.25	2.75	8269	2122
1.75	2.75	8269	2122
1.25	3.25	8269	2122
1.25	3.75	8269	2122
1.75	4.25	8269	2122
1.75	4.75	8269	2122
0.75	5.75	8269	2122
0.25	5.75	8269	2122
0.25	4.75	8269	2122
-1.25	3.25	8269	2122
-1.75	3.25	8269	2122
-2.25	3.75	8269	2122
-2.25	4.25	8269	2122
-1.75	4.75	8269	2122
-0.75	4.75	8269	2122
-0.75	5.25	8269	2122
-1.75	6.25	8269	2122
-2.25	6.25	8269	2122
-2.75	5.75	8269	2122
-4.25	5.75	8269	2122
-5.25	6.75	8269	2122
-6.25	6.75	8269	2122
-7.25	7.75	8269	2122
-7.25	8.75	8269	2122
-7.75	9.25	8269	2122
-7.75	9.75	8269	2122
-7.25	10.25	8269	2122
-7.25	11.75	8269	2122
-7.75	12.25	8269	2122
-8.25	12.25	8269	2122
-9.25	11.25	8269	2122
-9.75	11.25	8269	2122
-10.25	11.75	8269	2122
-11.25	11.75	8269	2122
-11.25	12.75	8269	2122
-11.75	13.25	8269	2122
-12.75	13.25	8269	2122
-12.75	13.75	8269	2122
-12.25	14.25	8269	2122
-12.25	14.75	8269	2122
-12.75	14.75	8269	2122
-20.25	7.25	8269	2122
-20.75	7.25	8269	2122
-20.75	7.75	8269	2122
-11.25	17.25	8269	2122
-11.25	17.75	8269	2122
-12.25	18.75	8269	2122
-14.75	5.25	30286	6105
-14.75	5.75	30286	6105
-13.75	5.75	30286	6105
-13.75	6.75	30286	6105
-13.25	6.75	30286	6105
-12.75	6.25	30286	6105
-11.75	6.25	30286	6105
-11.25	5.75	30286	6105
-11.25	5.25	30286	6105
-12.25	5.25	30286	6105
-12.25	4.25	30286	6105
-12.75	3.75	30286	6105
-12.75	2.75	30286	6105
-13.25	2.25	30286	6105
-13.75	2.25	30286	6105
-15.25	3.75	30286	6105
-15.25	4.25	30286	6105
-14.25	4.25	30286	6105
-14.25	4.75	30286	6105
-14.75	5.25	30286	6105
1.25	20.25	11185	2657
1.25	20.75	11185	2657
1.75	21.25	11185	2657
2.25	21.25	11185	2657
2.75	20.75	11185	2657
3.25	20.75	11185	2657
3.25	21.25	11185	2657
2.75	21.75	11185	2657
2.75	22.25	11185	2657
3.25	22.25	11185	2657
3.75	21.75	11185	2657
4.75	21.75	11185	2657
4.75	20.25	11185	2657
4.25	19.75	11185	2657
4.25	19.25	11185	2657
4.75	18.75	11185	2657
4.75	15.25	11185	2657
4.25	15.25	11185	2657
3.75	15.75	11185	2657
3.25	15.75	11185	2657
2.75	15.25	11185	2657
2.75	14.75	11185	2657
3.75	14.75	11185	2657
3.75	13.75	11185	2657
4.75	12.75	11185	2657
4.75	12.25	11185	2657
4.25	12.25	11185	2657
1.75	14.75	11185	2657
0.75	14.75	11185	2657
0.25	15.25	11185	2657
0.25	15.75	11185	2657
0.75	16.25	11185	2657
0.75	16.75	11185	2657
-0.25	17.75	11185	2657
-0.25	18.25	11185	2657
0.75	18.25	11185	2657
0.75	19.25	11185	2657
1.75	19.25	11185	2657
2.25	19.75	11185	2657
2.25	20.25	11185	2657
1.25	20.25	11185	2657
3.75	1.75	11186	2657
3.75	2.25	11186	2657
4.25	2.75	11186	2657
4.75	2.75	11186	2657
4.75	-0.75	11186	2657
4.25	-1.25	11186	2657
2.75	-1.25	11186	2657
2.75	0.25	11186	2657
3.75	1.25	11186	2657
3.75	1.75	11186	2657
-16.25	0.75	12715	2828
-16.25	1.25	12715	2828
-15.75	1.25	12715	2828
-14.25	-0.25	12715	2828
-13.75	-0.25	12715	2828
-12.75	0.75	12715	2828
-12.25	0.75	12715	2828
-12.25	0.25	12715	2828
-12.75	-0.25	12715	2828
-12.75	-1.25	12715	2828
-15.25	-1.25	12715	2828
-15.75	-0.75	12715	2828
-15.75	0.25	12715	2828
-16.25	0.75	12715	2828
-0.25	14.75	35154	7044
-0.25	15.25	35154	7044
0.25	15.25	35154	7044
0.75	14.75	35154	7044
1.75	14.75	35154	7044
4.75	11.75	35154	7044
4.75	6.25	35154	7044
4.25	6.25	35154	7044
3.75	6.75	35154	7044
3.75	7.75	35154	7044
3.25	8.25	35154	7044
2.25	8.25	35154	7044
2.25	9.25	35154	7044
1.75	9.75	35154	7044
1.75	10.75	35154	7044
0.75	11.75	35154	7044
0.75	12.25	35154	7044
1.75	12.25	35154	7044
1.75	12.75	35154	7044
0.75	13.75	35154	7044
0.25	13.75	35154	7044
0.25	12.75	35154	7044
-0.25	12.75	35154	7044
-0.75	13.25	35154	7044
-0.75	13.75	35154	7044
-0.25	14.25	35154	7044
-0.25	14.75	35154	7044
-3.75	5.25	35155	7044
-3.75	5.75	35155	7044
-2.75	5.75	35155	7044
-2.25	6.25	35155	7044
-1.75	6.25	35155	7044
-0.75	5.25	35155	7044
-0.75	4.75	35155	7044
-1.75	4.75	35155	7044
-2.25	4.25	35155	7044
-2.25	3.75	35155	7044
-1.75	3.25	35155	7044
-1.25	3.25	35155	7044
0.25	4.75	35155	7044
0.25	5.75	35155	7044
0.75	5.75	35155	7044
1.75	4.75	35155	7044
1.75	4.25	35155	7044
1.25	3.75	35155	7044
1.25	3.25	35155	7044
1.75	2.75	35155	7044
2.25	2.75	35155	7044
2.25	3.75	35155	7044
2.75	4.25	35155	7044
3.75	4.25	35155	7044
4.25	4.75	35155	7044
4.75	4.75	35155	7044
4.75	3.25	35155	7044
3.75	2.25	35155	7044
3.75	1.25	35155	7044
2.75	0.25	35155	7044
2.75	-0.75	35155	7044
2.25	-1.25	35155	7044
-0.25	-1.25	35155	7044
-0.25	-0.25	35155	7044
-1.25	-0.25	35155	7044
-1.25	0.25	35155	7044
-0.75	0.75	35155	7044
-0.75	1.25	35155	7044
-1.25	1.25	35155	7044
-2.75	-0.25	35155	7044
-2.75	-1.25	35155	7044
-4.25	-1.25	35155	7044
-5.25	-0.25	35155	7044
-5.25	0.25	35155	7044
-4.25	1.25	35155	7044
-3.75	1.25	35155	7044
-3.75	0.25	35155	7044
-3.25	0.25	35155	7044
-2.75	0.75	35155	7044
-2.75	1.25	35155	7044
-3.25	1.75	35155	7044
-3.25	2.25	35155	7044
-2.25	2.25	35155	7044
-2.25	2.75	35155	7044
-2.75	3.25	35155	7044
-3.75	3.25	35155	7044
-3.75	5.25	35155	7044
2.75	14.75	28597	5778
2.75	15.25	28597	5778
3.25	15.75	28597	5778
3.75	15.75	28597	5778
4.75	14.75	28597	5778
4.75	13.25	28597	5778
4.25	13.25	28597	5778
3.75	13.75	28597	5778
3.75	14.75	28597	5778
2.75	14.75	28597	5778
