x	y
0.149506741037766	0.210056308482827
-0.558173581258442	1.22936380250231
-0.0436092300423173	0.0490532140673447
-0.4393620073629	0.728431107632755
-0.390082544643423	0.637680851655191
-0.51933857094762	0.966115312347999
-0.385419506037765	0.539974104293318
0.0115332314339511	0.0133030271648323
0.217142697013509	0.276283211750059
0.828435348989356	1.75208406288253
-0.142769334702465	0.183583382119166
-0.0124484626400816	0.015403474144541
-0.306502907913503	0.44123984296031
-0.355743053673709	0.548833392851426
-0.0402878458815969	0.0528010837818662
-0.4978503406121	1.00715043971571
-0.635781391232998	1.42549004996245
-0.579154926666252	1.16072687342868
-0.0574362197676089	0.0678888857450255
-0.498068662691012	0.949701355463256
0.584631977527824	1.02739570680891
-0.437198019912719	0.640898228823732
0.356969093855168	0.576563385752908
0.109386300406814	0.130620465127762
0.257537689936157	0.386180893143434
0.432092058979955	0.654564392848877
-0.295834892143612	0.433886908302386
0.478994639462818	0.82257648725496
0.431192363738474	0.724370820872527
0.675335245400236	1.35030060168023
0.274917041594224	0.417666948518919
0.359634564255407	0.632474503539997
0.673917206266941	1.46274265557011
0.293619720459371	0.424454185172335
0.413055337723015	0.726932832988587
0.223554535846076	0.323670219731143
0.186017933526974	0.249075944558671
0.427658796682774	0.976087477379298
0.384709044421239	0.709909446652778
-0.0444635906472803	0.0522261044267653
0.567767446073371	1.24238475922698
0.52026763635187	1.0236230837476
0.12155152151858	0.171119588815114
0.432733614499323	0.883546211091584
0.437820660010702	0.73564768796506
0.0359597978193429	0.0486022308781406
0.121121915425838	0.158205722445445
0.857510078691036	2.18871858111301
0.27107068879011	0.365801843409824
0.450596554380911	0.736122182801699
0.444845080038107	0.836683996774494
0.224364485984004	0.291630802108187
0.524715066704007	1.25113550268174
0.279493270137665	0.415034371823834
0.500628693883892	1.0786219453557
0.875727407849495	2.37640534373451
0.906749738701066	2.35040271715105
0.337625540677	0.505511852889323
0.684159929315946	1.67895431129419
0.455467233720713	0.808341521114155
0.842680841356935	2.06898045607829
0.782243889755329	2.0319487787966
0.460041314518461	0.977374203487782
0.364902238465869	0.700135072285358
0.349592577389658	0.539408616100304
0.791263523779706	1.68330439720659
0.599379025988375	1.23891631991119
0.608235474545876	1.08025139976366
1.20302147194631	2.89889742195661
0.842699915207004	2.62350241965356
1.2021645095738	3.03904128984845
0.18464813217321	0.270371706442234
0.293794948895344	0.457732512880278
0.678018603833697	1.44008924804775
0.485096077999549	0.784125758025697
-0.0971892737845482	0.125704208751854
0.495181431410474	0.873383297926282
0.657178815158152	1.53217505962716
0.348344386761878	0.659015319956307
0.52518510382025	1.01544489813303
0.285429146387863	0.430501407742858
0.360153113972246	0.459716030548398
1.11834823739376	3.1617902298373
1.17032110328111	2.87962974163925
0.565782354880736	1.04278560423661
0.895859368702247	2.00220022894937
0.281818549184044	0.482984773337582
0.766251734401937	1.52089543064556
0.459922958560407	0.887060356489326
-0.0477202012960326	0.0601675237172122
1.11637457058152	2.80669829171183
0.555326075364798	0.944893574471866
0.842951809591263	2.03261073099414
0.63808090384917	1.24609925269928
0.579983587795845	1.20661454334537
1.57832632915221	5.55663036204192
0.271669596686725	0.432642572532819
0.549276176792573	1.32981572712838
0.274214128403162	0.497793965276708
0.728104585424408	1.92609474769808
1.04242284758086	3.28941056379661
0.575632390184498	1.20160622622582
0.979094814084843	3.12272706144513
0.776393771854284	2.16777960372498
1.13473412906903	4.78956389916678
0.576514389386373	1.46576541367621
1.07065653861595	4.12398485362638
0.750537789400166	2.04806003994586
0.249500338691635	0.437436434599923
0.476079981850241	1.07136433464842
0.858661400465111	2.98943621417523
0.772083184376912	1.91906411716591
1.09017639047568	3.38087359564011
0.563116492450351	1.2355264709422
0.80773015639609	2.17964682611063
1.00190854614323	3.1387765912731
0.706824746629637	1.53948727109669
1.40401378341251	6.54749053665807
0.531600149858944	1.09381347361474
0.548656538315521	1.32662740257019
0.571598675920077	1.5165318160203
0.647710090650819	1.6141869338323
0.693325647430609	1.70724985888366
1.10014564480275	3.82727682446534
0.799670394090032	1.98623712673907
0.804294547667758	1.5377162304022
0.879892863223658	2.08403450148223
0.716318129110192	1.66408114348282
0.857908100136751	1.91243767403861
1.10911176071608	2.57200758599437
0.725992364023675	1.8239064658683
0.679750340168849	1.53276426355433
1.13880534900871	4.02821790201652
0.857000978119869	2.26155080419863
0.955556551161865	2.53794304460301
0.476233703055129	0.830958454674319
0.82720381600544	2.13835768660557
1.45132788578726	4.55633361231818
0.462729012014422	0.758157284484893
0.241075777099186	0.383008142437601
0.852133119761328	2.11244650973255
0.539679573046115	1.06960887595235
0.744139478481723	1.86743479211561
0.310795046861058	0.455410529264635
0.647023988926923	1.5581266482446
1.10994408881581	3.11492356956447
0.622655490198631	1.51196321765427
0.407405168457743	0.887420965849321
0.576703651063982	1.16760931673152
0.620503705551361	1.42164414032135
0.609486808848852	1.3563396443137
1.08243276290508	3.22794363830658
0.745651420130744	2.00606878243651
0.582949278217923	1.31705620735985
0.262239051589364	0.375287134758724
0.53316089604159	1.05174263228739
0.523521130325581	1.05098947094162
0.480235850555671	0.966116609088409
0.0161531249008794	0.0181182743735549
0.933773973090073	2.87511651987653
0.409766040329454	0.73154775634081
0.475174851486851	1.03395508583685
0.323067377160443	0.61018805592557
0.745996348564469	1.64567390798249
0.429606617318168	0.799106885116224
0.880677622268969	2.2478422711385
0.53938180529112	0.925066909203865
0.349158996403586	0.739727215427507
0.94848504049898	2.71303294925951
0.204406115437846	0.306371109421998
0.055383185600539	0.0694898959876421
0.736540130298468	1.43013142673022
0.473544343205382	0.748190997545718
0.848058466558008	1.75350257513
0.33739022874272	0.661169450625205
-0.0715841623986963	0.0797613190713911
0.448603805605333	0.838789747268488
-0.0545884087866981	0.0711418218602465
0.237583075761664	0.355245961153083
0.0844705810419918	0.104623690200863
0.114256053015387	0.160899374651761
0.451951116287332	0.793652666118197
0.356852327139709	0.646014785594861
0.309639800216484	0.537756922255563
0.284650106332231	0.48429030248077
0.730158169513449	1.96147062627724
0.424328454791254	0.771367829981805
0.211412949097245	0.287337149618697
0.0649337976509466	0.0796048692852664
0.0745304880563734	0.0954844952283068
0.77980196967192	1.79235973616901
-0.0528000996483996	0.0732164521717553
0.101944208262123	0.123876633167967
0.0882965675933319	0.120308127309197
-0.160383062320632	0.255593265400015
-0.031955809539723	0.0394324164897394
0.162196218934962	0.229172532153883
0.000639814755892218	0.000908054940992818
-0.091281492779705	0.104511794793388
0.172089499923966	0.280742089056122
-0.511262681952362	0.726952405246466
0.0382882549587762	0.0524904880495662
-1.01233915770563	3.90056342636093
-0.431289524034694	0.866523180617404
-0.507229296473547	1.16230892508774
-0.191400582598659	0.298994231203647
-0.594018795258751	1.98337165090703
-0.229255565600747	0.371560969126616
-0.591598603186033	1.74363261915505
-0.240603760943937	0.489026289129163
-0.360843786336439	0.723156636552262
-0.155538788019864	0.251201574680248
-0.404446321980237	0.869925844261859
-0.137834305925303	0.196033361162943
0.197891104294884	0.296141725613296
-0.104213346178488	0.176078010973482
-0.243917754391191	0.502268695647795
-0.47051113656135	1.2038768377511
-0.170882033146438	0.354535869344147
-0.00099743706603951	0.00120437875117653
-0.136261127370636	0.252690857610868
-0.237809804466847	0.512570880633016
-0.0594551071323118	0.100520137405496
-0.299448972404772	0.656758706022084
-0.050321932500277	0.0560263335697893
0.0431766357182311	0.0643800302547693
-0.31093446725091	0.736099420452935
-0.381429050540111	1.030007756279
0.162213951366172	0.32258684239013
-0.384691502513551	0.908181482141751
-0.421400064931899	1.0645172021325
-0.162684417784697	0.299092805363403
-0.103676043003916	0.179834368500976
-0.428233091824909	1.16077757308947
0.135068755350746	0.153065132367579
-0.130843486908611	0.211417360388453
-0.111706716832401	0.192249483284738
-0.29848137114386	0.656658046530823
-0.622173746280041	1.82639738848291
-0.584741136000954	1.71073932564604
-0.121606324098879	0.218354280371171
0.017563569825436	0.0277992232577499
-0.323701485725821	0.693402846397042
-0.383795129685452	0.683237618129641
-0.429225814105637	0.634836123950548
-1.16214785134296	3.25166652436468
-0.633819985968027	1.64161866063463
-0.555287793764222	1.1096312356743
-0.577419359439511	1.44001623177595
-0.414105940535133	0.834291125536231
-0.0629132090889441	0.078203502471564
