x	y	clickSelects
0.0803574781568104	1.13607166494348	3783
0.0532798876690999	1.0539059712361	862
-0.0451175343018404	0.63146569097208	3997
0.0744556231961102	1.12249967170167	1726
-0.0416571538531896	0.641363824569807	1726
-0.00672771635792024	0.738644120912043	862
0.0770350058254596	1.13252227112508	2809
-0.0607572990187997	0.58689337537308	3997
0.0956635047248904	1.19018916304437	3050
-0.0501166861928004	0.614226727558717	538
0.0672598476825499	1.10120879232452	862
0.0624219723460104	1.084020287734	3997
0.0682050644173797	1.10196499135642	3997
0.06562288630733	1.09471435288444	3997
0.0502527627147797	1.04295554896955	1726
-0.0506245813164998	0.61321877907406	1726
0.0978747466957799	1.19790053286747	1286
0.0689882730004401	1.10432703002038	1326
-0.0317071594217602	0.668948880518399	2958
0.0837756542663701	1.1510223754547	2958
-0.0639782351011897	0.577064633748949	3997
-0.0681460297943701	0.566787287186791	3783
0.0459631188577996	1.03139728792301	1726
0.0723553384645799	1.11276075147684	538
-0.0589890238962099	0.592933764982145	3305
0.0819898935089096	1.14619859938536	2958
-0.0582612563386098	0.594969720934336	2958
-0.0568043410571804	0.595637841668522	3997
-0.06992054656188	0.559074212953941	1726
0.0517349325919696	1.0510891080838	538
0.0728211087580704	1.11520163888572	538
0.0675096770758596	1.0915844764713	538
0.0902082274248102	1.17372806808135	1286
0.0534445499516201	1.05422830197138	2958
0.0525071606907597	1.05290163045723	4122
-0.0605297802239102	0.583795882462562	2382
-0.0347305195101901	0.657601570020488	2382
-0.0192307176844597	0.704129210931415	3997
-0.06992054656188	0.559074212953941	3997
-0.0525404642420497	0.610851079559714	3997
0.0526724150565503	1.05239475087383	3997
-0.0349526434554699	0.659711851100451	1726
0.08357735951118	1.14632234119896	1726
0.0590604286664496	1.07395665304602	1726
-0.00324499359719965	0.748410783339809	1326
0.06070113386376	1.08014170540746	3997
0.0664046364164301	1.09574476019456	1726
-0.0674246810632102	0.568348978439066	1726
-0.0706398863128896	0.558756154982752	753
0.0654611116885002	1.09296586885522	3997
0.0821482217006597	1.14437492155332	3997
-0.0334208554924196	0.664542860167416	3997
-0.0634818653172804	0.576776382417041	3783
-0.0458547516771501	0.630180590808573	538
0.0844121574829302	1.15515018675486	3997
0.0804045074288604	1.14244787606888	1726
0.0850509682862999	1.15422681431389	1726
-0.0234581415184696	0.692048424683133	1726
0.0459631188577996	1.03139728792301	1326
0.10406690917439	1.21466588429162	2958
0.0622591867928701	1.0837991584191	1726
0.0706234378528903	1.11069554641518	862
-0.0543054246253396	0.604710017451519	1726
-0.0508498134511299	0.61465553942108	2756
-0.0864248216431696	0.51258757597079	862
-0.11454609451635	0.310180218231701	1286
-0.0674246810632102	0.568348978439066	3997
0.05983765517158	1.07497397241353	3997
-0.0314860010691502	0.667996565645129	1726
-0.0247672516032003	0.685726816549107	1726
-0.0374532043156197	0.651184954175412	5477
0.0682050644173797	1.10196499135642	5477
-0.0416571538531896	0.641363824569807	1326
-0.0344294888646299	0.659350888633366	2958
-0.0416571538531896	0.641363824569807	1726
-0.0374532043156197	0.651184954175412	1726
-0.0374532043156197	0.651184954175412	862
-0.0391590430741404	0.649065384114701	3783
-0.0267084271941496	0.683882077050681	1726
-0.0359184486521196	0.657808844877931	1726
-0.0540798000211797	0.605237377789726	862
-0.0317071594217602	0.668948880518399	3783
-0.0483516661283501	0.622776470655633	1726
-0.0605297802239102	0.583795882462562	538
0.0712478103786003	1.1132742983217	3997
-0.0448936497211303	0.631887693885994	3783
0.0739886937960499	1.1179808653119	1726
-0.0706398863128896	0.558756154982752	1726
-0.0573064556058096	0.595215029762592	3783
-0.0416571538531896	0.641363824569807	5477
0.0924272648277196	1.18145148890855	3997
-0.04812682692297	0.621805144874521	3783
0.04931690653813	1.04280757269902	1726
0.0639808488294404	1.08505212474503	1726
-0.0159722344595901	0.712601493793307	1726
-0.0540798000211797	0.605237377789726	1726
-0.0674246810632102	0.568348978439066	1726
0.0412909386859903	1.01198261291507	1726
-0.0399550372290696	0.64129540229175	1726
0.0697719914165402	1.1056872782459	1326
-0.0864248216431696	0.51258757597079	3783
-0.0639782351011897	0.577064633748949	3783
0.0624219723460104	1.084020287734	1726
-0.0222665145497798	0.694073457109558	1726
0.0468974887390701	1.03375827343745	1726
0.0525071606907597	1.05290163045723	2958
-0.02770911156676	0.678258838158864	529
0.0468974887390701	1.03375827343745	529
0.0680431504485703	1.10336967058103	1726
-0.0582612563386098	0.594969720934336	1726
-0.0508498134511299	0.61465553942108	1726
0.10167621399895	1.21034651888089	1726
-0.0607572990187997	0.58689337537308	1726
-0.0416571538531896	0.641363824569807	1726
0.0678817849522799	1.09958765483067	6039
-0.12437363776348	0.285115708143739	3783
0.0737676051784	1.11574373013603	1726
-0.0582612563386098	0.594969720934336	1726
-0.0765763961546497	0.540568164088725	1726
-0.0349526434554699	0.659711851100451	5477
0.0844121574829302	1.15515018675486	5729
0.0557005862816196	1.06223553095815	3997
-0.0557664022789304	0.602332297864823	1726
0.0746155076640997	1.12413657673489	1726
-0.0513566853030802	0.610321016722405	6039
0.0712478103786003	1.1132742983217	5477
0.0794529713279504	1.14039417648515	3997
-0.0406945875607097	0.641407930530874	1726
0.0671868950332097	1.09520103637338	1726
0.0729807942208502	1.11627867457517	1726
-0.04982060655687	0.618850369554961	2958
0.06562288630733	1.09471435288444	1726
0.04931690653813	1.04280757269902	1726
-0.0411398683649598	0.639975108595118	2640
-0.0252062485627897	0.686210077498949	2382
0.10953206979168	1.23257098398543	1726
0.0721944963762402	1.11523507631888	1726
-0.0443798475223103	0.632075632328542	328
-0.0289863638356698	0.676211257576188	1726
-0.0157548006066204	0.713455662484671	529
0.0648416441685003	1.09287110731076	538
-0.0175011895799697	0.705962221965652	862
0.0877874105176799	1.16489705977133	3997
0.0444766980466502	1.02318316090453	6039
-0.0683748623404599	0.564151151229484	1726
-0.0614830427206297	0.585318389342719	3783
-0.0349526434554699	0.659711851100451	529
-0.0804975007423998	0.529441441589846	6344
-0.0476164959265102	0.623599215756341	1726
-0.0207605506223301	0.69657973296037	529
-0.0423963282580404	0.639769768699136	3433
0.0924272648277196	1.18145148890855	529
-0.0622083290559496	0.581990303830921	529
-0.0448936497211303	0.631887693885994	1726
-0.0564961979093201	0.600001976122331	862
-0.0483516661283501	0.622776470655633	1326
0.0861604869497796	1.15669806309448	529
0.0746155076640997	1.12413657673489	529
-0.05753302888228	0.596075537152231	529
-0.0649299564071999	0.576129243048567	529
-0.0649299564071999	0.576129243048567	3305
-0.0431350319208299	0.637408799709562	529
0.0990645715782597	1.19496338671998	529
-0.0674246810632102	0.568348978439066	529
0.0600008514367802	1.07452634477663	529
-0.0557664022789304	0.602332297864823	529
0.0728211087580704	1.11520163888572	529
-0.0284583609894202	0.67779072033771	862
0.0917909871949396	1.17690197275883	1726
-0.0184748191455304	0.705075035255192	862
-0.0436416908549502	0.631267738044519	2809
-0.0456303039228398	0.629822759406594	529
0.0388337567150296	1.00761209153787	529
0.07956609063835	1.13659760282685	529
0.0787752208741601	1.13554071585989	529
-0.0441565268878898	0.633018464867196	1726
-0.0688669254465397	0.56347628259106	538
0.0435439447535604	1.02311491330062	529
-0.0434189349412701	0.632598758512049	529
-0.0192307176844597	0.704129210931415	529
-0.0396766109007496	0.644285610703522	1326
-0.0356963141937499	0.658104130226106	1326
-0.0476164959265102	0.623599215756341	529
-0.0307398817021403	0.669152592392543	2809
-0.00901386821831984	0.731327125900796	2382
-0.0423963282580404	0.639769768699136	2640
0.0664770545339799	1.09831247127702	2382
-0.0159722344595901	0.712601493793307	529
-0.0730260544688202	0.551282537909116	529
-0.0490863695121799	0.621196050131941	529
0.0988326463968203	1.19641764077057	396
-0.0458547516771501	0.630180590808573	529
0.0532798876690999	1.0539059712361	1286
-0.0478402137137399	0.619420629368114	2640
-0.0821537856915597	0.52552922085464	538
0.06562288630733	1.09471435288444	3368
-0.0389359481013196	0.647962174275413	1399
-0.0476164959265102	0.623599215756341	5536
-0.0057474619117297	0.740656689480685	3906
-0.0351742069896197	0.658894044163366	35
-0.0548099637746597	0.603649057310013	7017
0.0818321152179804	1.14526050152758	5315
-0.0409175082213702	0.64219851924556	373
-0.0214954892935504	0.698573645696804	373
0.10468758215403	1.21975777863098	2540
-0.0257377829344003	0.685939364099352	654
-0.0523146742777403	0.611486836237799	654
-0.0614830427206297	0.585318389342719	3065
-0.0671958372455999	0.565813001244438	1367
-0.0416571538531896	0.641363824569807	2046
0.0395964855351698	1.0112812557063	654
0.0836171179110998	1.15327349421555	3141
-0.0649299564071999	0.576129243048567	1433
0.0731410287400802	1.11463961934195	3736
-0.0292071294536598	0.676692769381456	5356
0.04931690653813	1.04280757269902	5356
0.09384750793759	1.18602827306311	3065
-0.0458547516771501	0.630180590808573	4542
-0.0274587923293597	0.682056960639568	5356
0.0632806816559404	1.08592509259921	654
-0.0249870308509799	0.687263896956363	746
0.0534445499516201	1.05422830197138	654
-0.0416571538531896	0.641363824569807	3611
0.0885849695337502	1.16646885428568	451
-0.0159722344595901	0.712601493793307	4848
-0.0264880527017004	0.68402058667392	4848
-0.0194485665438604	0.699980779017829	2018
0.0828225999961498	1.15084548951923	2018
0.0526724150565503	1.05239475087383	2018
-0.0406945875607097	0.641407930530874	6878
0.0853978759296901	1.15520155475743	5427
-0.00922990102371024	0.73137621732086	7013
-0.0167302295092604	0.711358041340313	2018
0.0282373764125303	0.971410526403601	2018
-0.0264880527017004	0.68402058667392	6878
0.0844121574829302	1.15515018675486	5403
0.0861938642742599	1.15973570030841	5403
0.06562288630733	1.09471435288444	2018
-0.0190012775250699	0.705273607317548	2018
0.0820286031822199	1.14772786629941	4874
0.06164329225646	1.08167480399796	2018
-0.0249870308509799	0.687263896956363	3683
-0.0344294888646299	0.659350888633366	4874
-0.0080398150999601	0.735014214941787	2018
-0.0374055045563102	0.654108275436311	2018
-0.0423963282580404	0.639769768699136	3683
0.0954301881431503	1.19103395442808	2177
-0.0540798000211797	0.605237377789726	5403
-0.0349526434554699	0.659711851100451	1282
-0.0418800806636499	0.639529334751106	2018
-0.0264669598819598	0.682987064350678	6878
-0.0374532043156197	0.651184954175412	2018
0.0876179676177902	1.16631156389602	1817
-0.0324533745163604	0.667637545737666	6878
-0.0307032255004902	0.67296320397699	1433
0.0754038784038196	1.12567888231255	2018
-0.0182447505313004	0.707721464097561	6878
0.0451953617730396	1.02960013578957	2018
-0.0423963282580404	0.639769768699136	2018
-0.0416571538531896	0.641363824569807	6152
-0.0448362146611601	0.632054129093217	2018
0.11537497402914	1.25324656782904	1817
-0.0565783221645102	0.595553994300522	5403
-0.0804975007423998	0.529441441589846	2018
-0.0349526434554699	0.659711851100451	5403
0.0810385471246704	1.14412185479848	3586
-0.0274587923293597	0.682056960639568	6152
0.0902082274248102	1.17372806808135	6152
-0.0573064556058096	0.595215029762592	2018
0.06070113386376	1.08014170540746	3586
-0.0267084271941496	0.683882077050681	5403
0.0706234378528903	1.11069554641518	6152
-0.0364395097494104	0.655727921373488	3586
-0.0214954892935504	0.698573645696804	3586
-0.0257377829344003	0.685939364099352	2018
-0.04261982095659	0.638456803318309	6122
0.0845700769883599	1.15373826961839	3586
-0.0349526434554699	0.659711851100451	2018
0.10111198413317	1.20553637285001	2018
-0.0349526434554699	0.659711851100451	2018
-0.0180255612622799	0.70687132006811	2261
-0.0289863638356698	0.676211257576188	3586
0.0738276516986298	1.12195928307206	6122
0.06164329225646	1.08167480399796	6122
0.0646792675580201	1.09167955850608	2018
-0.0540798000211797	0.605237377789726	2018
0.0869903756175203	1.16268697138039	2261
-0.0324533745163604	0.667637545737666	2018
-0.0548099637746597	0.603649057310013	4691
-0.0688669254465397	0.56347628259106	2261
-0.06992054656188	0.559074212953941	2018
-0.0274587923293597	0.682056960639568	3586
-0.0359184486521196	0.657808844877931	6122
0.0837756542663701	1.1510223754547	2018
0.0347276714838998	0.994134249369023	959
0.0801999031186602	1.13548033874026	2018
-0.0821537856915597	0.52552922085464	6075
-0.02399108778528	0.69147415760516	2261
-0.0573064556058096	0.595215029762592	2018
-0.00770321716340039	0.732448668583952	2261
0.0810385471246704	1.14412185479848	2261
-0.0582612563386098	0.594969720934336	2018
-0.00498235109473999	0.741627841632081	451
-0.0456303039228398	0.629822759406594	2018
-0.0272378406530498	0.681411153433946	2018
-0.00749242712608034	0.737168982960843	451
-0.00901386821831984	0.731327125900796	2018
-0.0324533745163604	0.667637545737666	2018
-0.01825699152685	0.705305483907881	2018
0.0928228027058404	1.18038721528396	2018
0.0558648379048901	1.06352303245604	2018
0.0623367827690702	1.08441387926921	2018
-0.0642061388892401	0.577222702929649	2018
-0.0423963282580404	0.639769768699136	2018
-0.0267084271941496	0.683882077050681	2018
-0.0607572990187997	0.58689337537308	6200
0.10712999046479	1.22691614332552	3466
-0.0674246810632102	0.568348978439066	2911
0.0787752208741601	1.13554071585989	4585
0.0788211968460599	1.13500277725739	2509
0.0836171179110998	1.15327349421555	6241
0.0755637022472904	1.12444934476966	2158
-0.0217325799358497	0.696343440528485	7015
0.11674867396842	1.39386555872049	4585
-0.10897187098954	0.323189849978104	4058
-0.0465915001307797	0.628305099324538	2018
0.0550906622649503	1.0611941036283	2018
0.0451953617730396	1.02960013578957	2018
0.0508577860630597	1.04379351726567	2018
0.11396642692406	1.24817880958935	556
-0.02748949876836	0.678691576659647	4566
0.0731410287400802	1.11463961934195	6200
0.0632011576921503	1.08536659430173	6200
-0.0381948127355303	0.650041590490286	2018
0.0558648379048901	1.06352303245604	2018
0.0729807942208502	1.11627867457517	2018
-0.0324533745163604	0.667637545737666	6075
0.0517349325919696	1.0510891080838	1545
0.0517349325919696	1.0510891080838	2018
0.0532798876690999	1.0539059712361	2018
0.07798486831497	1.13366664294186	2158
0.0624219723460104	1.084020287734	2158
0.0558648379048901	1.06352303245604	2018
0.111749773925	1.24059443301618	1545
-0.0324533745163604	0.667637545737666	2018
0.0738276516986298	1.12195928307206	3583
-0.0364395097494104	0.655727921373488	4204
0.0754038784038196	1.12567888231255	2018
0.0739886937960499	1.1179808653119	2018
-0.0614830427206297	0.585318389342719	260
0.0517349325919696	1.0510891080838	1545
0.0575074853466502	1.06948307204934	2018
0.0664770545339799	1.09831247127702	2509
0.1122632860836	1.37504501508808	5826
-0.0406945875607097	0.641407930530874	2158
-0.0289863638356698	0.676211257576188	4204
-0.0307032255004902	0.67296320397699	6200
0.0461298242816	1.03193974324283	4204
-0.0115170800206004	0.723024410960928	6241
0.0412909386859903	1.01198261291507	4691
0.0558648379048901	1.06352303245604	1545
-0.00171003587740959	0.750518812093369	3583
-0.0458547516771501	0.630180590808573	1179
0.0632011576921503	1.08536659430173	1545
-0.0344294888646299	0.659350888633366	3583
-0.0349526434554699	0.659711851100451	4204
-0.0582612563386098	0.594969720934336	4204
-0.0996689652281599	0.344313484175094	2177
0.0494831606238302	1.03974286243956	2509
-0.05753302888228	0.596075537152231	6200
0.0902082274248102	1.17372806808135	4204
-0.0326745453253396	0.66592400277852	3583
-0.0349526434554699	0.659711851100451	2158
-0.0557664022789304	0.602332297864823	3583
0.0697719914165402	1.1056872782459	6200
0.06562288630733	1.09471435288444	3583
-0.0242110727874696	0.690436645827397	3583
0.0811969407552402	1.14464157337809	6241
0.0624219723460104	1.084020287734	1545
-0.0257377829344003	0.685939364099352	6241
0.0364179327264296	0.999108709747708	2158
-0.0580341294295597	0.59233299507273	6200
-0.0364395097494104	0.655727921373488	1545
-0.04982060655687	0.618850369554961	1545
-0.0224859007045799	0.695232659405771	6241
0.08938305322555	1.16730985540548	1179
-0.0458547516771501	0.630180590808573	3583
0.06070113386376	1.08014170540746	6241
-0.0292071294536598	0.676692769381456	2158
-0.0157548006066204	0.713455662484671	1742
0.07782545329255	1.13438325534862	4204
0.0412482282709004	1.01552940300582	6241
0.0395964855351698	1.0112812557063	4204
0.0796125929761002	1.13951483723426	2509
0.0942408741670704	1.18435678343104	4204
0.07798486831497	1.13366664294186	3583
-0.05753302888228	0.596075537152231	1640
0.05663951426253	1.0648554727471	1640
0.0347276714838998	0.994134249369023	3583
-0.0706398863128896	0.558756154982752	6200
0.0804045074288604	1.14244787606888	6241
0.0877874105176799	1.16489705977133	1640
0.0804045074288604	1.14244787606888	1545
0.0770350058254596	1.13252227112508	3583
-0.0292071294536598	0.676692769381456	1545
-0.0431350319208299	0.637408799709562	3017
-0.0631617710627896	0.580726930972623	2158
0.0688269633711602	1.10489730766904	3583
0.0241418225908197	0.960875577759885	3583
0.0828225999961498	1.15084548951923	6241
-0.0557664022789304	0.602332297864823	3583
-0.0506245813164998	0.61321877907406	3583
-0.0580341294295597	0.59233299507273	1545
-0.05775904315216	0.592210616318928	3583
-0.0515824759879999	0.613537285446123	3017
0.0721944963762402	1.11523507631888	4586
0.0721944963762402	1.11523507631888	1640
-0.0190012775250699	0.705273607317548	1640
-0.02399108778528	0.69147415760516	3583
0.0868328628741599	1.16358334584323	6241
-0.0349526434554699	0.659711851100451	6241
-0.0359184486521196	0.657808844877931	3583
-0.0557664022789304	0.602332297864823	2524
-0.0267084271941496	0.683882077050681	3583
-0.0740819130897803	0.549545180865906	1892
-0.0199861285504399	0.702720934018915	3349
0.0435439447535604	1.02311491330062	3583
-0.04812682692297	0.621805144874521	3017
-0.00748836923880969	0.732966654319084	4863
-0.0443798475223103	0.632075632328542	1640
0.10674327937841	1.22054739488113	4863
-0.0490863695121799	0.621196050131941	3017
-0.0555396658381904	0.600304006410164	1640
0.0657852090136899	1.0928006377612	4747
0.10930537486799	1.23145062838545	1640
-0.0508498134511299	0.61465553942108	1640
0.0860357326639001	1.16147244005089	4863
0.0549258166072999	1.06073709991228	1640
-0.0573064556058096	0.595215029762592	2317
-0.0814415965772897	0.528805438253428	3872
0.0852077192682801	1.15647888481838	6200
0.0804045074288604	1.14244787606888	1640
0.0819898935089096	1.14619859938536	3349
-0.02748949876836	0.678691576659647	4566
-0.0508498134511299	0.61465553942108	6200
0.0910027160399602	1.17560187242065	6200
0.0517349325919696	1.0510891080838	1190
-0.0458547516771501	0.630180590808573	3349
-0.0674246810632102	0.568348978439066	627
0.0860038038246103	1.15713029234525	643
-0.0614830427206297	0.585318389342719	4332
0.0592242221296804	1.07267772974105	4372
-0.0515824759879999	0.613537285446123	1681
-0.0242110727874696	0.690436645827397	2317
-0.0155310485132896	0.714053507699515	1916
-0.0573064556058096	0.595215029762592	643
-0.0329768077560004	0.662208681457896	1681
-0.0324533745163604	0.667637545737666	6200
0.0771950324113497	1.13096823004124	1786
0.0217246671363798	0.9514037913879	4332
-0.0607572990187997	0.58689337537308	1681
0.0599228652307904	1.07726390303468	6059
-0.0431350319208299	0.637408799709562	1916
-0.0264880527017004	0.68402058667392	1428
-0.0706398863128896	0.558756154982752	648
-0.0624363917167798	0.583041757891267	643
0.0371786467812498	1.00228457837366	6200
-0.0664745818492198	0.567432854198358	2317
0.0731410287400802	1.11463961934195	5035
-0.0706398863128896	0.558756154982752	1640
0.06164329225646	1.08167480399796	1681
0.0427782143519204	1.02180997676336	648
-0.08393267400875	0.521516054771102	643
-0.0622083290559496	0.581990303830921	5807
-0.0409175082213702	0.64219851924556	6200
0.0917909871949396	1.17690197275883	1640
0.0274830715812904	0.969579278391736	6200
0.0697719914165402	1.1056872782459	3349
0.0429459143272499	1.01950455268092	2807
-0.0832220280299296	0.521813793618431	2819
-0.0582612563386098	0.594969720934336	5035
-0.0832220280299296	0.521813793618431	1471
-0.0217325799358497	0.696343440528485	4372
-0.0473277801446699	0.625743325314971	4863
-0.0384173395255303	0.650363574056894	643
0.0558648379048901	1.06352303245604	1330
0.0540531140519898	1.0533454654262	6200
-0.0622083290559496	0.581990303830921	648
0.0811969407552402	1.14464157337809	3349
0.0852391263484602	1.15886024092198	643
0.0682050644173797	1.10196499135642	643
0.0502527627147797	1.04295554896955	1330
0.0485472113567704	1.04049520769627	1471
0.0411234110397398	1.01305814135569	643
0.0592242221296804	1.07267772974105	2819
-0.0550361446752801	0.603899106414968	417
0.0648416441685003	1.09287110731076	417
0.07798486831497	1.13366664294186	417
-0.0508498134511299	0.61465553942108	2819
-0.0663762251442996	0.570502510175924	6322
0.0678817849522799	1.09958765483067	417
0.0582837055682903	1.07212877758295	2819
-0.02000684113482	0.695972798771062	2819
-0.00151283199126961	0.753934435704364	2819
-0.0247672516032003	0.685726816549107	1000
-0.0738517548445303	0.547699815383411	417
-0.0589890238962099	0.592933764982145	417
0.03065555621692	0.981678724178881	417
0.0468974887390701	1.03375827343745	2819
-0.0607572990187997	0.58689337537308	1363
-0.0177184324250401	0.705421433037397	968
-0.0598041304177199	0.585428697082286	2819
0.0786609625169996	1.13779989439245	968
-0.12179362831767	0.292706853531415	968
-0.0389359481013196	0.647962174275413	417
-0.05753302888228	0.596075537152231	417
-0.0614830427206297	0.585318389342719	417
-0.0117334571061196	0.723196914152521	417
0.0624219723460104	1.084020287734	417
-0.01825699152685	0.705305483907881	968
0.0371786467812498	1.00228457837366	3293
0.0395964855351698	1.0112812557063	2829
-0.0740819130897803	0.549545180865906	917
-0.0282381713808997	0.677832670398764	2357
-0.0598041304177199	0.585428697082286	4063
-0.0242357959505402	0.687908744524153	6860
-0.0282381713808997	0.677832670398764	4345
-0.11806809038517	0.301564535436897	1342
0.0885849695337502	1.16646885428568	119
0.0682050644173797	1.10196499135642	6860
0.0770350058254596	1.13252227112508	4002
-0.0284583609894202	0.67779072033771	6860
-0.0747988918555897	0.547996754304958	5991
-0.0607572990187997	0.58689337537308	4380
-0.0284583609894202	0.67779072033771	3087
0.0500870979331802	1.04412622344779	2765
-0.0731348688633604	0.549306751420249	4787
-0.0465915001307797	0.628305099324538	2311
-0.0589890238962099	0.592933764982145	2275
-0.0573064556058096	0.595215029762592	832
-0.0413813155782101	0.640549700213803	1792
0.0972470608102496	1.19447158713395	1792
-0.0465915001307797	0.628305099324538	739
-0.0384173395255303	0.650363574056894	1792
-0.0356963141937499	0.658104130226106	1132
0.0560296362560004	1.05983943114054	13
-0.0339443717587402	0.663139535190253	2311
-0.0423963282580404	0.639769768699136	1483
-0.0299554174580701	0.675084769882705	2311
0.0582837055682903	1.07212877758295	13
-0.0723075239901903	0.554869391713668	1132
-0.0448936497211303	0.631887693885994	6486
-0.0356963141937499	0.658104130226106	1081
-0.0418800806636499	0.639529334751106	2794
-0.0124951635784196	0.721260460956935	5938
-0.0384173395255303	0.650363574056894	5214
0.00557206620252959	0.900347390210821	1081
-0.0548099637746597	0.603649057310013	1081
-0.0289863638356698	0.676211257576188	1081
-0.0671958372455999	0.565813001244438	6268
-0.0401773908769902	0.641564384661679	6268
0.0696112869926902	1.10570007818416	3424
-0.08713304346972	0.511006348494855	2011
0.0671868950332097	1.09520103637338	3288
0.0714087111013102	1.11337643207021	4456
-0.0222665145497798	0.694073457109558	4456
-0.0192307176844597	0.704129210931415	3288
-0.0431350319208299	0.637408799709562	4456
-0.0274587923293597	0.682056960639568	3288
-0.0359184486521196	0.657808844877931	4406
-0.0366622143437496	0.656214766865201	2236
-0.0167302295092604	0.711358041340313	84
-0.0165122096974502	0.711819802467607	2207
-0.0197671338360603	0.702034540195716	3006
-0.01075460492667	0.72847924442097	3006
0.0902082274248102	1.17372806808135	3006
-0.0441565268878898	0.633018464867196	3006
-0.12458094166843	0.285818593820278	3006
0.00175555246682002	0.762676214579945	3006
2.53696205803067e-05	0.757249680556809	1025
0.0600008514367802	1.07452634477663	895
0.0696112869926902	1.10570007818416	3006
-0.0607572990187997	0.58689337537308	2409
-0.0264880527017004	0.68402058667392	3006
-0.0465915001307797	0.628305099324538	1683
-0.0607572990187997	0.58689337537308	2409
-0.0755154217931597	0.544702997374111	4982
0.0600008514367802	1.07452634477663	1683
0.0738276516986298	1.12195928307206	1683
0.0395964855351698	1.0112812557063	3406
-0.12033150304139	0.2949424757616	2409
-0.0523146742777403	0.611486836237799	3406
-0.0366622143437496	0.656214766865201	3406
-0.0190123061086398	0.703967707806623	2409
0.0648416441685003	1.09287110731076	3406
-0.0448936497211303	0.631887693885994	6681
0.0704619308056298	1.11142902031354	3405
-0.0331991117970301	0.665733180559506	1154
-0.0671958372455999	0.565813001244438	2825
-0.06992054656188	0.559074212953941	3405
-0.0317071594217602	0.668948880518399	7035
-0.0374532043156197	0.651184954175412	534
-0.0540798000211797	0.605237377789726	1648
-0.0642061388892401	0.577222702929649	3935
-0.0423963282580404	0.639769768699136	788
0.0534445499516201	1.05422830197138	6090
-0.0257377829344003	0.685939364099352	3129
-0.0215137749260004	0.695708577718804	3352
-0.0441565268878898	0.633018464867196	2107
-0.0391590430741404	0.649065384114701	459
-0.12385232294397	0.28689662437812	5272
-0.0217325799358497	0.696343440528485	1110
0.06562288630733	1.09471435288444	3971
-0.04812682692297	0.621805144874521	4560
-0.0508498134511299	0.61465553942108	4661
-0.0259575794391997	0.685276776972774	5683
-0.0324533745163604	0.667637545737666	198
0.0607779838330798	1.07452939764371	3619
0.0077389115073796	0.778951723011105	2515
0.0887417922007003	1.16406899959574	775
-0.0247429551046299	0.688693382267131	3268
-0.0356963141937499	0.658104130226106	5770
0.06562288630733	1.09471435288444	5770
0.0500870979331802	1.04412622344779	775
-0.0456303039228398	0.629822759406594	5770
-0.04812682692297	0.621805144874521	3508
-0.0508498134511299	0.61465553942108	775
-0.0257377829344003	0.685939364099352	5770
-0.0476164959265102	0.623599215756341	5770
0.0672598476825499	1.10120879232452	3877
-0.0418800806636499	0.639529334751106	2826
0.0557005862816196	1.06223553095815	1715
